gameid,qtr,min,sec,off,def,down,togo,ydline,description,offscore,defscore,season
20120905_DAL@NYG,1,,0,DAL,NYG,,,,D.Bailey kicks 69 yards from DAL 35 to NYG -4. D.Wilson to NYG 16 for 20 yards (A.Holmes).,0,0,2012
20120905_DAL@NYG,1,59,56,NYG,DAL,1,10,84,(14:56) E.Manning pass incomplete deep left to H.Nicks.,0,0,2012
20120905_DAL@NYG,1,59,49,NYG,DAL,2,10,84,(14:49) E.Manning pass short middle to V.Cruz to NYG 21 for 5 yards (S.Lee) [J.Hatcher].,0,0,2012
20120905_DAL@NYG,1,59,5,NYG,DAL,3,5,79,(14:05) (Shotgun) E.Manning pass incomplete short middle to V.Cruz.,0,0,2012
20120905_DAL@NYG,1,58,58,NYG,DAL,4,5,79,(13:58) S.Weatherford punts 56 yards to DAL 23 Center-Z.DeOssie. D.Bryant to DAL 24 for 1 yard (Z.DeOssie).,0,0,2012
20120905_DAL@NYG,1,58,44,DAL,NYG,1,10,76,(13:44) D.Murray left guard to DAL 27 for 3 yards (C.Blackburn).,0,0,2012
20120905_DAL@NYG,1,58,7,DAL,NYG,2,7,73,(13:07) T.Romo sacked at DAL 19 for -8 yards (R.Bernard).,0,0,2012
20120905_DAL@NYG,1,57,27,DAL,NYG,3,15,81,(12:27) (Shotgun) T.Romo pass incomplete short left to F.Jones.,0,0,2012
20120905_DAL@NYG,1,57,21,DAL,NYG,4,15,81,(12:21) C.Jones punts 60 yards to NYG 21 Center-L.Ladouceur. D.Hixon to NYG 31 for 10 yards (A.Albright L.Vickers). PENALTY on NYG-J.Hosley Clipping 13 yards enforced at NYG 26. Officially a return for 5 yards.,0,0,2012
20120905_DAL@NYG,1,57,9,NYG,DAL,1,10,87,(12:09) A.Bradshaw left tackle to NYG 15 for 2 yards (J.Hatcher J.Price-Brent).,0,0,2012
20120905_DAL@NYG,1,56,31,NYG,DAL,2,8,85,(11:31) D.Wilson right tackle to NYG 18 for 3 yards (D.Ware S.Lee).,0,0,2012
20120905_DAL@NYG,1,55,50,NYG,DAL,3,5,82,(10:50) (Shotgun) E.Manning pass deep left to V.Cruz ran ob at NYG 44 for 26 yards (B.Carr).,0,0,2012
20120905_DAL@NYG,1,55,20,NYG,DAL,1,10,56,(10:20) E.Manning pass short middle to M.Bennett to DAL 47 for 9 yards (B.Carter).,0,0,2012
20120905_DAL@NYG,1,54,36,NYG,DAL,2,1,47,(9:36) PENALTY on NYG-V.Cruz False Start 5 yards enforced at DAL 47 - No Play.,0,0,2012
20120905_DAL@NYG,1,54,12,NYG,DAL,2,6,52,(9:12) E.Manning pass short right to M.Bennett to DAL 42 for 10 yards (S.Lee B.Carter).,0,0,2012
20120905_DAL@NYG,1,53,29,NYG,DAL,1,10,42,(8:29) A.Bradshaw left tackle to DAL 39 for 3 yards (D.Ware S.Lee).,0,0,2012
20120905_DAL@NYG,1,52,53,NYG,DAL,2,7,39,(7:53) E.Manning pass short left to H.Nicks pushed ob at DAL 31 for 8 yards (M.Claiborne).,0,0,2012
20120905_DAL@NYG,1,52,25,NYG,DAL,1,10,31,(7:25) A.Bradshaw right tackle to DAL 29 for 2 yards (D.Ware S.Lissemore).,0,0,2012
20120905_DAL@NYG,1,51,43,NYG,DAL,2,8,29,(6:43) D.Wilson left end to DAL 27 for 2 yards (S.Lee). FUMBLES (S.Lee) RECOVERED by DAL-B.Church at DAL 28. B.Church to DAL 34 for 6 yards (C.Snee). Officially a rush for 1 yard.,0,0,2012
20120905_DAL@NYG,1,51,33,DAL,NYG,1,10,66,(6:33) D.Murray left tackle to DAL 36 for 2 yards (L.Joseph R.Bernard).,0,0,2012
20120905_DAL@NYG,1,50,54,DAL,NYG,2,8,64,(5:54) (Shotgun) PENALTY on DAL-T.Smith False Start 5 yards enforced at DAL 36 - No Play.,0,0,2012
20120905_DAL@NYG,1,50,39,DAL,NYG,2,13,69,(5:39) (Shotgun) T.Romo pass short middle to M.Austin to DAL 40 for 9 yards (K.Rivers J.Hosley).,0,0,2012
20120905_DAL@NYG,1,50,1,DAL,NYG,3,4,60,(5:01) (Shotgun) T.Romo pass short right to K.Ogletree to NYG 46 for 14 yards (J.Williams K.Phillips).,0,0,2012
20120905_DAL@NYG,1,49,26,DAL,NYG,1,10,46,(4:26) PENALTY on DAL-J.Witten False Start 5 yards enforced at NYG 46 - No Play.,0,0,2012
20120905_DAL@NYG,1,49,9,DAL,NYG,1,15,51,(4:09) D.Murray left guard to NYG 46 for 5 yards (K.Rivers).,0,0,2012
20120905_DAL@NYG,1,48,22,DAL,NYG,2,10,46,(3:22) (Shotgun) T.Romo pass incomplete deep left to D.Bryant (C.Webster).,0,0,2012
20120905_DAL@NYG,1,48,13,DAL,NYG,3,10,46,(3:13) (Shotgun) T.Romo pass short left to K.Ogletree to NYG 37 for 9 yards (A.Rolle M.Coe).,0,0,2012
20120905_DAL@NYG,1,47,46,DAL,NYG,4,1,37,(2:46) L.Vickers left guard to NYG 37 for no gain (A.Rolle K.Rivers).,0,0,2012
20120905_DAL@NYG,1,47,12,NYG,DAL,1,10,63,(2:12) E.Manning pass short right to H.Nicks to NYG 47 for 10 yards (M.Claiborne).,0,0,2012
20120905_DAL@NYG,1,46,35,NYG,DAL,1,10,53,(1:35) A.Bradshaw left end to 50 for 3 yards (S.Lissemore A.Spencer).,0,0,2012
20120905_DAL@NYG,1,45,58,NYG,DAL,2,7,50,(:58) A.Bradshaw right guard to DAL 45 for 5 yards (J.Hatcher).,0,0,2012
20120905_DAL@NYG,1,45,21,NYG,DAL,3,2,45,(:21) (Shotgun) E.Manning pass short right to V.Cruz pushed ob at DAL 41 for 4 yards (O.Scandrick).,0,0,2012
20120905_DAL@NYG,2,45,0,NYG,DAL,1,10,41,(15:00) E.Manning sacked at NYG 44 for -15 yards (D.Ware).,0,0,2012
20120905_DAL@NYG,2,44,30,NYG,DAL,2,25,56,(14:30) (Shotgun) E.Manning pass short middle to V.Cruz to DAL 45 for 11 yards (S.Lee).,0,0,2012
20120905_DAL@NYG,2,43,46,NYG,DAL,3,14,45,(13:46) (Shotgun) E.Manning pass incomplete short right to H.Nicks.,0,0,2012
20120905_DAL@NYG,2,43,36,NYG,DAL,4,14,45,(13:36) S.Weatherford punts 45 yards to end zone Center-Z.DeOssie Touchback.,0,0,2012
20120905_DAL@NYG,2,43,27,DAL,NYG,1,10,80,(13:27) T.Romo pass short middle to D.Bryant to DAL 38 for 18 yards (C.Blackburn).,0,0,2012
20120905_DAL@NYG,2,42,41,DAL,NYG,1,10,62,(12:41) D.Murray right end to DAL 37 for -1 yards (K.Rivers).,0,0,2012
20120905_DAL@NYG,2,41,57,DAL,NYG,2,11,63,(11:57) T.Romo up the middle to DAL 45 for 8 yards (J.Tuck).,0,0,2012
20120905_DAL@NYG,2,41,10,DAL,NYG,3,3,55,(11:10) (Shotgun) PENALTY on DAL-T.Romo Delay of Game 5 yards enforced at DAL 45 - No Play.,0,0,2012
20120905_DAL@NYG,2,40,46,DAL,NYG,3,8,60,(10:46) (Shotgun) T.Romo pass short middle intended for K.Ogletree INTERCEPTED by M.Boley at NYG 47. M.Boley pushed ob at DAL 2 for 51 yards (T.Smith). PENALTY on DAL-T.Smith Horse Collar Tackle 1 yard enforced at DAL 2.,0,0,2012
20120905_DAL@NYG,2,40,30,NYG,DAL,1,1,1,(10:30) A.Bradshaw right end pushed ob at DAL 3 for -2 yards (A.Spencer).,0,0,2012
20120905_DAL@NYG,2,40,5,NYG,DAL,2,3,3,(10:05) A.Bradshaw left tackle to DAL 4 for -1 yards (M.Spears J.Price-Brent).,0,0,2012
20120905_DAL@NYG,2,39,23,NYG,DAL,3,4,4,(9:23) (Shotgun) E.Manning pass incomplete short middle to V.Cruz (O.Scandrick).,0,0,2012
20120905_DAL@NYG,2,39,14,NYG,DAL,4,4,4,(9:14) L.Tynes 22 yard field goal is GOOD Center-Z.DeOssie Holder-S.Weatherford.,0,0,2012
20120905_DAL@NYG,2,39,14,NYG,DAL,,,4,L.Tynes kicks 67 yards from NYG 35 to DAL -2. F.Jones to DAL 20 for 22 yards (W.Hill).,3,0,2012
20120905_DAL@NYG,2,39,5,DAL,NYG,1,10,80,(9:05) D.Murray right tackle to DAL 22 for 2 yards (M.Coe K.Rivers).,0,3,2012
20120905_DAL@NYG,2,38,33,DAL,NYG,2,8,78,(8:33) T.Romo pass short left to J.Hanna to DAL 32 for 10 yards (K.Rivers).,0,3,2012
20120905_DAL@NYG,2,37,59,DAL,NYG,1,10,68,(7:59) D.Murray right tackle to DAL 35 for 3 yards (R.Bernard J.Pierre-Paul).,0,3,2012
20120905_DAL@NYG,2,37,20,DAL,NYG,2,7,65,(7:20) PENALTY on DAL-D.Free False Start 5 yards enforced at DAL 35 - No Play.,0,3,2012
20120905_DAL@NYG,2,36,52,DAL,NYG,2,12,70,(6:52) D.Murray left guard to DAL 27 for -3 yards (J.Pierre-Paul).,0,3,2012
20120905_DAL@NYG,2,36,6,DAL,NYG,3,15,73,(6:06) (Shotgun) T.Romo pass short left to K.Ogletree to DAL 36 for 9 yards (M.Coe).,0,3,2012
20120905_DAL@NYG,2,35,28,DAL,NYG,4,6,64,(5:28) C.Jones punts 48 yards to NYG 16 Center-L.Ladouceur fair catch by D.Hixon.,0,3,2012
20120905_DAL@NYG,2,35,18,NYG,DAL,1,10,84,(5:18) A.Bradshaw left guard to NYG 16 for no gain (B.Carter).,3,0,2012
20120905_DAL@NYG,2,34,37,NYG,DAL,2,10,84,(4:37) A.Bradshaw right end to NYG 18 for 2 yards (K.Coleman A.Spencer).,3,0,2012
20120905_DAL@NYG,2,33,50,NYG,DAL,3,8,82,(3:50) (Shotgun) E.Manning pass incomplete deep right to M.Bennett.,3,0,2012
20120905_DAL@NYG,2,33,42,NYG,DAL,4,8,82,(3:42) S.Weatherford punts 54 yards to DAL 28 Center-Z.DeOssie. D.Bryant ran ob at DAL 27 for -1 yards.,3,0,2012
20120905_DAL@NYG,2,33,34,DAL,NYG,1,10,73,(3:34) PENALTY on DAL-T.Smith False Start 5 yards enforced at DAL 27 - No Play.,0,3,2012
20120905_DAL@NYG,2,33,34,DAL,NYG,1,15,78,(3:34) T.Romo pass short left to D.Bryant ran ob at DAL 35 for 13 yards.,0,3,2012
20120905_DAL@NYG,2,33,11,DAL,NYG,2,2,65,(3:11) T.Romo pass short left to J.Witten to DAL 38 for 3 yards (C.Blackburn M.Coe).,0,3,2012
20120905_DAL@NYG,2,32,34,DAL,NYG,1,10,62,(2:34) D.Murray left guard to DAL 47 for 9 yards (K.Phillips).,0,3,2012
20120905_DAL@NYG,2,32,4,DAL,NYG,2,1,53,(2:04) T.Romo pass incomplete short right to K.Ogletree.,0,3,2012
20120905_DAL@NYG,2,31,59,DAL,NYG,3,1,53,(1:59) (Shotgun) T.Romo pass deep right to D.Bryant to NYG 15 for 38 yards (K.Phillips).,0,3,2012
20120905_DAL@NYG,2,31,15,DAL,NYG,1,10,15,(1:15) (Shotgun) T.Romo pass short right to K.Ogletree to NYG 10 for 5 yards (J.Williams).,0,3,2012
20120905_DAL@NYG,2,31,7,DAL,NYG,2,5,10,(1:07) (Shotgun) T.Romo pass short middle to K.Ogletree for 10 yards TOUCHDOWN.,0,3,2012
20120905_DAL@NYG,2,31,7,DAL,NYG,,,10,D.Bailey extra point is GOOD Center-L.Ladouceur Holder-C.Jones.,0,3,2012
20120905_DAL@NYG,2,31,7,DAL,NYG,,,10,D.Bailey kicks 67 yards from DAL 35 to NYG -2. D.Wilson to NYG 30 for 32 yards (B.Church).,7,3,2012
20120905_DAL@NYG,2,30,54,NYG,DAL,1,10,70,(:54) (Shotgun) E.Manning pass incomplete short left to V.Cruz.,3,7,2012
20120905_DAL@NYG,2,30,48,NYG,DAL,2,10,70,(:48) (Shotgun) E.Manning sacked at NYG 24 for -6 yards (D.Ware).,3,7,2012
20120905_DAL@NYG,2,30,4,NYG,DAL,3,16,76,(:04) (Shotgun) A.Bradshaw up the middle to NYG 29 for 5 yards (A.Spencer).,3,7,2012
20120905_DAL@NYG,3,30,0,NYG,DAL,,,76,L.Tynes kicks 73 yards from NYG 35 to DAL -8. F.Jones Touchback.,3,7,2012
20120905_DAL@NYG,3,30,0,DAL,NYG,1,10,80,(15:00) T.Romo pass short right to D.Murray to DAL 29 for 9 yards (M.Kiwanuka J.Tuck).,7,3,2012
20120905_DAL@NYG,3,29,25,DAL,NYG,2,1,71,(14:25) D.Murray left guard to DAL 31 for 2 yards (J.Pierre-Paul J.Williams).,7,3,2012
20120905_DAL@NYG,3,28,42,DAL,NYG,1,10,69,(13:42) T.Romo pass short left to D.Murray to DAL 31 for no gain (A.Rolle).,7,3,2012
20120905_DAL@NYG,3,28,0,DAL,NYG,2,10,69,(13:00) D.Murray left tackle to DAL 40 for 9 yards (A.Rolle J.Williams).,7,3,2012
20120905_DAL@NYG,3,27,8,DAL,NYG,3,1,60,(12:08) D.Murray left end to DAL 44 for 4 yards (A.Rolle).,7,3,2012
20120905_DAL@NYG,3,26,27,DAL,NYG,1,10,56,(11:27) T.Romo pass incomplete short middle to F.Jones.,7,3,2012
20120905_DAL@NYG,3,26,20,DAL,NYG,2,10,56,(11:20) T.Romo pass short right to D.Bryant to NYG 40 for 16 yards (A.Rolle).,7,3,2012
20120905_DAL@NYG,3,25,42,DAL,NYG,1,10,40,(10:42) T.Romo pass incomplete short left to J.Witten.,7,3,2012
20120905_DAL@NYG,3,25,32,DAL,NYG,2,10,40,(10:32) T.Romo pass deep right to K.Ogletree for 40 yards TOUCHDOWN.,7,3,2012
20120905_DAL@NYG,3,25,32,DAL,NYG,,,40,D.Bailey extra point is GOOD Center-L.Ladouceur Holder-C.Jones.,7,3,2012
20120905_DAL@NYG,3,25,32,DAL,NYG,,,40,D.Bailey kicks 61 yards from DAL 35 to NYG 4. A.Brown to NYG 11 for 7 yards (J.Hanna A.Albright).,14,3,2012
20120905_DAL@NYG,3,25,19,NYG,DAL,1,10,89,(10:19) (Shotgun) E.Manning pass short right to D.Hixon to NYG 23 for 12 yards (B.Carter).,3,14,2012
20120905_DAL@NYG,3,24,47,NYG,DAL,1,10,77,(9:47) A.Bradshaw left guard to NYG 25 for 2 yards (J.Hatcher).,3,14,2012
20120905_DAL@NYG,3,24,11,NYG,DAL,2,8,75,(9:11) E.Manning pass short right to M.Bennett pushed ob at NYG 37 for 12 yards (A.Spencer; B.Church). PENALTY on NYG-V.Cruz Illegal Block Above the Waist 10 yards enforced at NYG 37.,3,14,2012
20120905_DAL@NYG,3,23,46,NYG,DAL,2,6,73,(8:46) (Shotgun) E.Manning pass short right to A.Bradshaw to NYG 33 for 6 yards (S.Lee).,3,14,2012
20120905_DAL@NYG,3,22,52,NYG,DAL,1,10,67,(7:52) E.Manning pass short left to H.Nicks to NYG 45 for 12 yards (M.Claiborne).,3,14,2012
20120905_DAL@NYG,3,22,20,NYG,DAL,1,10,55,(7:20) A.Bradshaw left end to 50 for 5 yards (G.Sensabaugh).,3,14,2012
20120905_DAL@NYG,3,21,48,NYG,DAL,2,5,50,(6:48) E.Manning pass short right to H.Hynoski to DAL 49 for 1 yard (A.Spencer) [V.Butler].,3,14,2012
20120905_DAL@NYG,3,21,9,NYG,DAL,3,4,49,(6:09) (Shotgun) E.Manning pass deep left to D.Hixon to DAL 10 for 39 yards (M.Silva).,3,14,2012
20120905_DAL@NYG,3,20,19,NYG,DAL,1,10,10,(5:19) A.Bradshaw left tackle for 10 yards TOUCHDOWN.,3,14,2012
20120905_DAL@NYG,3,20,19,NYG,DAL,,,10,L.Tynes extra point is GOOD Center-Z.DeOssie Holder-S.Weatherford.,3,14,2012
20120905_DAL@NYG,3,20,19,NYG,DAL,,,10,L.Tynes kicks 70 yards from NYG 35 to DAL -5. F.Jones to DAL 20 for 25 yards (J.Williams S.Paysinger).,10,14,2012
20120905_DAL@NYG,3,20,4,DAL,NYG,1,10,80,(5:04) T.Romo pass short middle to J.Witten to DAL 27 for 7 yards (J.Williams).,14,10,2012
20120905_DAL@NYG,3,19,35,DAL,NYG,2,3,73,(4:35) D.Murray right end to NYG 25 for 48 yards (A.Rolle).,14,10,2012
20120905_DAL@NYG,3,18,42,DAL,NYG,1,10,25,(3:42) T.Romo pass short middle to J.Phillips to NYG 19 for 6 yards (C.Blackburn).,14,10,2012
20120905_DAL@NYG,3,17,53,DAL,NYG,2,4,19,(2:53) (Shotgun) T.Romo scrambles up the middle to NYG 10 for 9 yards (M.Coe).,14,10,2012
20120905_DAL@NYG,3,17,20,DAL,NYG,1,10,10,(2:20) D.Murray up the middle to NYG 6 for 4 yards (K.Rivers C.Blackburn).,14,10,2012
20120905_DAL@NYG,3,16,33,DAL,NYG,2,6,6,(1:33) (Shotgun) T.Romo sacked at NYG 15 for -9 yards (L.Joseph).,14,10,2012
20120905_DAL@NYG,3,15,53,DAL,NYG,3,15,15,(:53) (Shotgun) T.Romo pass incomplete short middle to K.Ogletree (M.Coe).,14,10,2012
20120905_DAL@NYG,3,15,45,DAL,NYG,4,15,15,(:45) D.Bailey 33 yard field goal is GOOD Center-L.Ladouceur Holder-C.Jones.,14,10,2012
20120905_DAL@NYG,3,15,45,DAL,NYG,,,15,D.Bailey kicks 69 yards from DAL 35 to NYG -4. A.Brown to NYG 18 for 22 yards (M.Silva).,17,10,2012
20120905_DAL@NYG,3,15,34,NYG,DAL,1,10,82,(:34) A.Bradshaw left tackle to NYG 23 for 5 yards (M.Spears).,10,17,2012
20120905_DAL@NYG,4,15,0,NYG,DAL,2,5,77,(15:00) E.Manning pass incomplete short right to V.Cruz.,10,17,2012
20120905_DAL@NYG,4,14,55,NYG,DAL,3,5,77,(14:55) (Shotgun) E.Manning pass incomplete short left to A.Bradshaw [J.Hatcher]. PENALTY on DAL-J.Hatcher Roughing the Passer 15 yards enforced at NYG 23 - No Play.,10,17,2012
20120905_DAL@NYG,4,14,49,NYG,DAL,1,10,62,(14:49) A.Bradshaw right tackle to NYG 38 for no gain (B.Carter).,10,17,2012
20120905_DAL@NYG,4,14,13,NYG,DAL,2,10,62,(14:13) E.Manning pass short right to B.Pascoe to NYG 44 for 6 yards (S.Lee).,10,17,2012
20120905_DAL@NYG,4,13,28,NYG,DAL,3,4,56,(13:28) (Shotgun) E.Manning sacked at NYG 39 for -5 yards (J.Hatcher).,10,17,2012
20120905_DAL@NYG,4,13,17,NYG,DAL,4,9,61,(13:17) S.Weatherford punts 46 yards to DAL 15 Center-Z.DeOssie. D.Harris to DAL 18 for 3 yards (S.Brown).,10,17,2012
20120905_DAL@NYG,4,13,3,DAL,NYG,1,10,82,(13:03) D.Murray up the middle to DAL 23 for 5 yards (J.Tryon M.Kuhn).,17,10,2012
20120905_DAL@NYG,4,12,14,DAL,NYG,2,5,77,(12:14) (Shotgun) PENALTY on DAL-T.Romo Delay of Game 5 yards enforced at DAL 23 - No Play.,17,10,2012
20120905_DAL@NYG,4,12,0,DAL,NYG,2,10,82,(12:00) (Shotgun) T.Romo pass short left to K.Ogletree to DAL 32 for 14 yards (A.Rolle J.Tryon).,17,10,2012
20120905_DAL@NYG,4,11,27,DAL,NYG,1,10,68,(11:27) D.Murray left tackle to DAL 37 for 5 yards (M.Boley J.Tuck).,17,10,2012
20120905_DAL@NYG,4,10,46,DAL,NYG,2,5,63,(10:46) T.Romo pass deep right to M.Austin to NYG 43 for 20 yards (C.Webster).,17,10,2012
20120905_DAL@NYG,4,10,11,DAL,NYG,1,10,43,(10:11) D.Murray left tackle to NYG 34 for 9 yards (A.Rolle).,17,10,2012
20120905_DAL@NYG,4,9,33,DAL,NYG,2,1,34,(9:33) D.Murray right guard to NYG 38 for -4 yards (M.Boley). PENALTY on NYG-L.Joseph Defensive Offside 5 yards enforced at NYG 34 - No Play.,17,10,2012
20120905_DAL@NYG,4,9,8,DAL,NYG,1,10,29,(9:08) PENALTY on DAL-T.Smith False Start 5 yards enforced at NYG 29 - No Play.,17,10,2012
20120905_DAL@NYG,4,8,45,DAL,NYG,1,15,34,(8:45) (Shotgun) T.Romo pass short right to M.Austin to NYG 24 for 10 yards (O.Umenyiora).,17,10,2012
20120905_DAL@NYG,4,8,4,DAL,NYG,2,5,24,(8:04) D.Murray left tackle to NYG 22 for 2 yards (M.Boley C.Blackburn). PENALTY on DAL-D.Bryant Illegal Motion 5 yards enforced at NYG 24 - No Play.,17,10,2012
20120905_DAL@NYG,4,7,48,DAL,NYG,2,10,29,(7:48) D.Murray left tackle to NYG 14 for 15 yards (C.Webster).,17,10,2012
20120905_DAL@NYG,4,7,8,DAL,NYG,1,10,14,(7:08) D.Murray left end to NYG 11 for 3 yards (C.Blackburn). PENALTY on DAL-M.Bernadeau Illegal Use of Hands 10 yards enforced at NYG 14 - No Play.,17,10,2012
20120905_DAL@NYG,4,6,39,DAL,NYG,1,20,24,(6:39) T.Romo pass short right to K.Ogletree to NYG 8 for 16 yards (J.Tryon). PENALTY on DAL-D.Free Offensive Holding 10 yards enforced at NYG 24 - No Play.,17,10,2012
20120905_DAL@NYG,4,6,12,DAL,NYG,1,30,34,(6:12) T.Romo pass deep left to M.Austin for 34 yards TOUCHDOWN.,17,10,2012
20120905_DAL@NYG,4,6,12,DAL,NYG,,,34,D.Bailey extra point is GOOD Center-L.Ladouceur Holder-C.Jones.,17,10,2012
20120905_DAL@NYG,4,6,12,DAL,NYG,,,34,D.Bailey kicks 63 yards from DAL 35 to NYG 2. D.Wilson to NYG 21 for 19 yards (G.Sensabaugh).,24,10,2012
20120905_DAL@NYG,4,5,51,NYG,DAL,1,10,79,(5:51) (Shotgun) E.Manning pass short middle to A.Bradshaw to NYG 30 for 9 yards (O.Scandrick J.Hatcher).,10,24,2012
20120905_DAL@NYG,4,5,21,NYG,DAL,2,1,70,(5:21) (No Huddle Shotgun) E.Manning pass incomplete short right to D.Hixon (B.Carr).,10,24,2012
20120905_DAL@NYG,4,5,14,NYG,DAL,3,1,70,(5:14) (Shotgun) A.Bradshaw right guard to DAL 37 for 33 yards (S.Lee).,10,24,2012
20120905_DAL@NYG,4,4,44,NYG,DAL,1,10,37,(4:44) (No Huddle Shotgun) E.Manning pass incomplete short middle to M.Bennett.,10,24,2012
20120905_DAL@NYG,4,4,38,NYG,DAL,2,10,37,(4:38) (Shotgun) E.Manning pass incomplete deep left to V.Cruz.,10,24,2012
20120905_DAL@NYG,4,4,30,NYG,DAL,3,10,37,(4:30) (Shotgun) E.Manning pass short right to H.Nicks to DAL 29 for 8 yards (M.Claiborne).,10,24,2012
20120905_DAL@NYG,4,4,3,NYG,DAL,4,2,29,(4:03) (Shotgun) E.Manning pass short middle to V.Cruz to DAL 22 for 7 yards (S.Lee). Penalty on DAL-D.Ware Defensive Offside declined.,10,24,2012
20120905_DAL@NYG,4,3,56,NYG,DAL,1,10,22,(3:56) (No Huddle Shotgun) E.Manning pass incomplete deep middle to D.Hixon.,10,24,2012
20120905_DAL@NYG,4,3,51,NYG,DAL,2,10,22,(3:51) (Shotgun) E.Manning pass short left to D.Hixon to DAL 18 for 4 yards (S.Lee).,10,24,2012
20120905_DAL@NYG,4,3,27,NYG,DAL,3,6,18,(3:27) (Shotgun) E.Manning pass short right to V.Cruz to DAL 13 for 5 yards (B.Carr).,10,24,2012
20120905_DAL@NYG,4,3,5,NYG,DAL,4,1,13,(3:05) (No Huddle Shotgun) A.Bradshaw left tackle to DAL 9 for 4 yards (S.Lee A.Spencer).,10,24,2012
20120905_DAL@NYG,4,2,42,NYG,DAL,1,9,9,(2:42) (No Huddle Shotgun) E.Manning pass short middle to M.Bennett for 9 yards TOUCHDOWN. Penalty on DAL-B.Church Defensive Pass Interference declined.,10,24,2012
20120905_DAL@NYG,4,2,42,NYG,DAL,,,9,L.Tynes extra point is GOOD Center-Z.DeOssie Holder-S.Weatherford.,10,24,2012
20120905_DAL@NYG,4,2,42,NYG,DAL,,,9,L.Tynes kicks 53 yards from NYG 35 to DAL 12. F.Jones to DAL 26 for 14 yards (S.Brown).,17,24,2012
20120905_DAL@NYG,4,2,31,DAL,NYG,1,10,74,(2:31) D.Murray right tackle to DAL 27 for 1 yard (J.Pierre-Paul J.Tuck).,24,17,2012
20120905_DAL@NYG,4,2,26,DAL,NYG,2,9,73,(2:26) D.Murray right tackle to DAL 34 for 7 yards (C.Blackburn).,24,17,2012
20120905_DAL@NYG,4,2,17,DAL,NYG,3,2,66,(2:17) D.Murray left end to DAL 37 for 3 yards (K.Phillips). PENALTY on DAL-J.Witten Offensive Holding 10 yards enforced at DAL 36. Officially a rush for 2 yards.,24,17,2012
20120905_DAL@NYG,4,2,11,DAL,NYG,3,10,74,(2:11) T.Romo pass short left to K.Ogletree to DAL 39 for 13 yards (J.Tryon).,24,17,2012
20120905_DAL@NYG,4,2,0,DAL,NYG,1,10,61,(2:00) T.Romo kneels to DAL 38 for -1 yards.,24,17,2012
20120905_DAL@NYG,4,1,24,DAL,NYG,2,11,62,(1:24) T.Romo kneels to DAL 35 for -3 yards.,24,17,2012
20120905_DAL@NYG,4,0,38,DAL,NYG,3,14,65,(:38) T.Romo kneels to DAL 34 for -1 yards.,24,17,2012
20120905_DAL@NYG,4,0,38,DAL,NYG,,,65,                      ,24,17,2012
20120909_IND@CHI,1,0,0,IND,CHI,,,65,P.McAfee kicks 67 yards from IND 35 to CHI -2. D.Hester to CHI 16 for 18 yards (J.Hickman).,0,0,2012
20120909_IND@CHI,1,59,56,CHI,IND,1,10,84,(14:56) J.Cutler sacked at CHI 4 for -12 yards (R.Mathis).,0,0,2012
20120909_IND@CHI,1,59,22,CHI,IND,2,22,96,(14:22) PENALTY on CHI-G.Carimi False Start 2 yards enforced at CHI 4 - No Play.,0,0,2012
20120909_IND@CHI,1,59,1,CHI,IND,2,24,98,(14:01) M.Forte left guard to CHI 5 for 3 yards (J.King; M.Fokou).,0,0,2012
20120909_IND@CHI,1,58,21,CHI,IND,3,21,95,(13:21) (Shotgun) J.Cutler pass incomplete short right to A.Jeffery.,0,0,2012
20120909_IND@CHI,1,58,15,CHI,IND,4,21,95,(13:15) (Punt formation) A.Podlesh punts 45 yards to 50 Center-P.Mannelly fair catch by L.Brazill.,0,0,2012
20120909_IND@CHI,1,58,8,IND,CHI,1,10,50,(13:08) A.Luck pass short right to D.Jones to CHI 42 for 8 yards (L.Briggs).,0,0,2012
20120909_IND@CHI,1,57,28,IND,CHI,2,2,42,(12:28) D.Brown right tackle to CHI 44 for -2 yards (I.Idonije).,0,0,2012
20120909_IND@CHI,1,56,45,IND,CHI,3,4,44,(11:45) (Shotgun) A.Luck pass incomplete short left to R.Wayne.,0,0,2012
20120909_IND@CHI,1,56,40,IND,CHI,4,4,44,(11:40) (Punt formation) P.McAfee punts 41 yards to CHI 3 Center-M.Overton downed by IND-J.Hickman. CHI-C.Tillman was injured during the play. His return is Questionable.,0,0,2012
20120909_IND@CHI,1,56,28,CHI,IND,1,10,97,(11:28) (Shotgun) J.Cutler pass short right intended for M.Forte INTERCEPTED by J.Freeman at CHI 4. J.Freeman for 4 yards TOUCHDOWN.,0,0,2012
20120909_IND@CHI,1,56,28,IND,CHI,,,97,A.Vinatieri extra point is GOOD Center-M.Overton Holder-P.McAfee.,0,0,2012
20120909_IND@CHI,1,56,28,IND,CHI,,,97,P.McAfee kicks 65 yards from IND 35 to end zone Touchback.,7,0,2012
20120909_IND@CHI,1,56,23,CHI,IND,1,10,80,(11:23) M.Forte left tackle to CHI 20 for no gain (K.Conner).,0,7,2012
20120909_IND@CHI,1,55,47,CHI,IND,2,10,80,(10:47) J.Cutler pass incomplete short right to E.Rodriguez [K.Conner].,0,7,2012
20120909_IND@CHI,1,55,42,CHI,IND,3,10,80,(10:42) (Shotgun) J.Cutler pass short right to B.Marshall to CHI 33 for 13 yards (V.Davis).,0,7,2012
20120909_IND@CHI,1,55,0,CHI,IND,1,10,67,(10:00) J.Cutler pass incomplete short left to M.Forte.,0,7,2012
20120909_IND@CHI,1,54,56,CHI,IND,2,10,67,(9:56) M.Forte left end to IND 35 for 32 yards (A.Bethea).,0,7,2012
20120909_IND@CHI,1,54,9,CHI,IND,1,10,35,(9:09) J.Cutler pass incomplete deep left to K.Davis.,0,7,2012
20120909_IND@CHI,1,54,4,CHI,IND,2,10,35,(9:04) J.Cutler pass incomplete deep left to B.Marshall (J.Powers).,0,7,2012
20120909_IND@CHI,1,53,56,CHI,IND,3,10,35,(8:56) (Shotgun) J.Cutler pass incomplete deep middle to E.Bennett. PENALTY on IND-J.King Defensive Pass Interference 19 yards enforced at IND 35 - No Play.,0,7,2012
20120909_IND@CHI,1,53,49,CHI,IND,1,10,16,(8:49) J.Cutler pass incomplete deep left to A.Jeffery.,0,7,2012
20120909_IND@CHI,1,53,45,CHI,IND,2,10,16,(8:45) M.Forte right tackle to IND 1 for 15 yards (T.Zbikowski).,0,7,2012
20120909_IND@CHI,1,52,58,CHI,IND,1,1,1,(7:58) J.Cutler pass incomplete short left to B.Marshall. PENALTY on IND-C.Vaughn Defensive Pass Interference 0 yards enforced at IND 1 - No Play.,0,7,2012
20120909_IND@CHI,1,52,54,CHI,IND,1,1,1,(7:54) M.Bush right tackle to IND 1 for no gain (M.Harvey).,0,7,2012
20120909_IND@CHI,1,52,21,CHI,IND,2,1,1,(7:21) C.Williams reported in as eligible.  M.Bush right tackle for 1 yard TOUCHDOWN.,0,7,2012
20120909_IND@CHI,1,52,21,CHI,IND,,,1,R.Gould extra point is GOOD Center-P.Mannelly Holder-A.Podlesh.,0,7,2012
20120909_IND@CHI,1,52,21,CHI,IND,,,1,R.Gould kicks 65 yards from CHI 35 to end zone Touchback.,7,7,2012
20120909_IND@CHI,1,52,19,IND,CHI,1,10,80,(7:19) (Shotgun) A.Luck pass short middle to R.Wayne to IND 28 for 8 yards (B.Urlacher).,7,7,2012
20120909_IND@CHI,1,51,42,IND,CHI,2,2,72,(6:42) A.Luck pass incomplete short left to R.Wayne (B.Urlacher) [M.Toeaina].,7,7,2012
20120909_IND@CHI,1,51,36,IND,CHI,3,2,72,(6:36) A.Luck scrambles left guard to IND 31 for 3 yards (H.Melton).,7,7,2012
20120909_IND@CHI,1,50,51,IND,CHI,1,10,69,(5:51) D.Brown left guard to IND 27 for -4 yards (H.Melton).,7,7,2012
20120909_IND@CHI,1,50,11,IND,CHI,2,14,73,(5:11) (Shotgun) A.Luck pass short right to L.Brazill to IND 37 for 10 yards (M.Wright).,7,7,2012
20120909_IND@CHI,1,49,33,IND,CHI,3,4,63,(4:33) (Shotgun) A.Luck pass incomplete short left to R.Wayne [S.McClellin].,7,7,2012
20120909_IND@CHI,1,49,28,IND,CHI,4,4,63,(4:28) (Punt formation) P.McAfee punts 63 yards to end zone Center-M.Overton Touchback.,7,7,2012
20120909_IND@CHI,1,49,19,CHI,IND,1,10,80,(4:19) J.Cutler pass incomplete short left to B.Marshall (T.Zbikowski).,7,7,2012
20120909_IND@CHI,1,49,15,CHI,IND,2,10,80,(4:15) M.Bush left guard to CHI 23 for 3 yards (R.Mathis).,7,7,2012
20120909_IND@CHI,1,48,35,CHI,IND,3,7,77,(3:35) (Shotgun) J.Cutler pass incomplete deep right to B.Marshall (A.Bethea).,7,7,2012
20120909_IND@CHI,1,48,29,CHI,IND,4,7,77,(3:29) (Punt formation) A.Podlesh punts 33 yards to IND 44 Center-P.Mannelly out of bounds.,7,7,2012
20120909_IND@CHI,1,48,21,IND,CHI,1,10,56,(3:21) V.Ballard left end to IND 45 for 1 yard (L.Briggs).,7,7,2012
20120909_IND@CHI,1,47,36,IND,CHI,2,9,55,(2:36) (Shotgun) V.Ballard left tackle to IND 48 for 3 yards (J.Peppers).,7,7,2012
20120909_IND@CHI,1,46,48,IND,CHI,3,6,52,(1:48) (Shotgun) A.Luck sacked at IND 40 for -8 yards (J.Peppers). FUMBLES (J.Peppers) and recovers at IND 38. A.Luck to IND 38 for no gain (J.Peppers). PENALTY on CHI-S.McClellin Neutral Zone Infraction 5 yards enforced at IND 48 - No Play.,7,7,2012
20120909_IND@CHI,1,46,41,IND,CHI,3,1,47,(1:41) (Shotgun) A.Luck pass incomplete short right to D.Brown.,7,7,2012
20120909_IND@CHI,1,46,38,IND,CHI,4,1,47,(1:38) (Punt formation) P.McAfee punts 42 yards to CHI 5 Center-M.Overton downed by IND-J.Hickman.,7,7,2012
20120909_IND@CHI,1,46,25,CHI,IND,1,10,95,(1:25) J.Cutler pass short left to B.Marshall to CHI 12 for 7 yards (J.Powers).,7,7,2012
20120909_IND@CHI,1,45,50,CHI,IND,2,3,88,(:50) M.Forte right tackle to CHI 15 for 3 yards (A.Bethea).,7,7,2012
20120909_IND@CHI,1,45,9,CHI,IND,1,10,85,(:09) J.Cutler pass short left to M.Forte to CHI 16 for 1 yard (T.Zbikowski).,7,7,2012
20120909_IND@CHI,2,45,0,CHI,IND,2,9,84,(15:00) M.Forte left guard to CHI 21 for 5 yards (A.Bethea).,7,7,2012
20120909_IND@CHI,2,44,18,CHI,IND,3,4,79,(14:18) (Shotgun) J.Cutler pass short left to E.Bennett to CHI 31 for 10 yards (R.Mathis).,7,7,2012
20120909_IND@CHI,2,43,40,CHI,IND,1,10,69,(13:40) (No Huddle) J.Cutler pass deep left to B.Marshall pushed ob at CHI 47 for 16 yards (A.Bethea).,7,7,2012
20120909_IND@CHI,2,43,18,CHI,IND,1,10,53,(13:18) (No Huddle) J.Cutler pass incomplete short left to B.Marshall (J.Powers).,7,7,2012
20120909_IND@CHI,2,43,11,CHI,IND,2,10,53,(13:11) (No Huddle) M.Forte right guard to IND 49 for 4 yards (K.Conner). PENALTY on CHI-C.Spencer Offensive Holding 10 yards enforced at CHI 47 - No Play.,7,7,2012
20120909_IND@CHI,2,42,33,CHI,IND,2,20,63,(12:33) (Shotgun) J.Cutler pass deep right to D.Hester to IND 34 for 29 yards (J.Freeman).,7,7,2012
20120909_IND@CHI,2,41,45,CHI,IND,1,10,34,(11:45) M.Forte left guard to IND 34 for no gain (K.Conner).,7,7,2012
20120909_IND@CHI,2,41,8,CHI,IND,2,10,34,(11:08) (Shotgun) J.Cutler pass short right to M.Forte pushed ob at IND 3 for 31 yards (T.Zbikowski).,7,7,2012
20120909_IND@CHI,2,40,37,CHI,IND,1,3,3,(10:37) J.Cutler pass short right to B.Marshall for 3 yards TOUCHDOWN.,7,7,2012
20120909_IND@CHI,2,40,37,CHI,IND,,,3,R.Gould extra point is GOOD Center-P.Mannelly Holder-A.Podlesh.,7,7,2012
20120909_IND@CHI,2,40,37,CHI,IND,,,3,R.Gould kicks 65 yards from CHI 35 to end zone Touchback.,14,7,2012
20120909_IND@CHI,2,40,33,IND,CHI,1,10,80,(10:33) A.Luck pass deep left to R.Wayne to IND 37 for 17 yards (K.Hayden).,7,14,2012
20120909_IND@CHI,2,39,53,IND,CHI,1,10,63,(9:53) A.Luck pass deep right intended for D.Avery INTERCEPTED by T.Jennings at CHI 20. T.Jennings to CHI 37 for 17 yards (C.Fleener).,7,14,2012
20120909_IND@CHI,2,39,40,CHI,IND,1,10,63,(9:40) J.Cutler pass deep middle to B.Marshall to IND 39 for 24 yards (A.Bethea).,14,7,2012
20120909_IND@CHI,2,39,2,CHI,IND,1,10,39,(9:02) M.Bush left guard to IND 38 for 1 yard (D.Nevis).,14,7,2012
20120909_IND@CHI,2,38,21,CHI,IND,2,9,38,(8:21) J.Cutler pass short middle to A.Jeffery to IND 23 for 15 yards (V.Davis).,14,7,2012
20120909_IND@CHI,2,37,44,CHI,IND,1,10,23,(7:44) M.Bush left tackle to IND 23 for no gain (K.Conner).,14,7,2012
20120909_IND@CHI,2,37,4,CHI,IND,2,10,23,(7:04) J.Cutler pass incomplete deep middle to D.Hester. PENALTY on CHI-D.Hester Offensive Pass Interference 10 yards enforced at IND 23 - No Play.,14,7,2012
20120909_IND@CHI,2,36,57,CHI,IND,2,20,33,(6:57) (Shotgun) J.Cutler pass short left to B.Marshall to IND 24 for 9 yards (J.Powers).,14,7,2012
20120909_IND@CHI,2,36,19,CHI,IND,3,11,24,(6:19) (Shotgun) M.Bush right guard to IND 17 for 7 yards (A.Bethea).,14,7,2012
20120909_IND@CHI,2,35,36,CHI,IND,4,4,17,(5:36) (Field Goal formation) R.Gould 35 yard field goal is GOOD Center-P.Mannelly Holder-A.Podlesh.,14,7,2012
20120909_IND@CHI,2,35,36,CHI,IND,,,17,R.Gould kicks 70 yards from CHI 35 to IND -5. C.Vaughn pushed ob at IND 23 for 28 yards (D.Moore).,17,7,2012
20120909_IND@CHI,2,35,26,IND,CHI,1,10,77,(5:26) A.Luck pass deep left to R.Wayne to IND 46 for 23 yards (C.Conte) [S.Paea]. IND-R.Wayne was injured during the play. His return is Probable.,7,17,2012
20120909_IND@CHI,2,35,1,IND,CHI,1,10,54,(5:01) A.Luck pass incomplete short right to D.Avery (T.Jennings). PENALTY on CHI-T.Jennings Defensive Pass Interference 6 yards enforced at IND 46 - No Play.,7,17,2012
20120909_IND@CHI,2,34,58,IND,CHI,1,10,48,(4:58) D.Brown left guard to CHI 30 for 18 yards (K.Hayden; M.Wright).,7,17,2012
20120909_IND@CHI,2,34,14,IND,CHI,1,10,30,(4:14) (Shotgun) A.Luck pass incomplete short right to R.Wayne (C.Conte).,7,17,2012
20120909_IND@CHI,2,34,10,IND,CHI,2,10,30,(4:10) A.Luck pass short left to R.Wayne to CHI 18 for 12 yards (B.Urlacher; K.Hayden).,7,17,2012
20120909_IND@CHI,2,33,25,IND,CHI,1,10,18,(3:25) D.Brown left tackle for 18 yards TOUCHDOWN.,7,17,2012
20120909_IND@CHI,2,33,25,IND,CHI,,,18,A.Vinatieri extra point is GOOD Center-M.Overton Holder-P.McAfee.,7,17,2012
20120909_IND@CHI,2,33,25,IND,CHI,,,18,P.McAfee kicks 68 yards from IND 35 to CHI -3. D.Hester to CHI 28 for 31 yards (M.Harvey).,14,17,2012
20120909_IND@CHI,2,33,7,CHI,IND,1,10,72,(3:07) J.Cutler pass deep left to K.Adams to CHI 45 for 17 yards (J.Powers).,17,14,2012
20120909_IND@CHI,2,32,27,CHI,IND,1,10,55,(2:27) J.Cutler pass incomplete deep right to B.Marshall (J.King).,17,14,2012
20120909_IND@CHI,2,32,22,CHI,IND,2,10,55,(2:22) J.Cutler pass incomplete short middle to M.Forte (C.Redding).,17,14,2012
20120909_IND@CHI,2,32,17,CHI,IND,3,10,55,(2:17) (Shotgun) J.Cutler pass short middle to E.Bennett to IND 40 for 15 yards (J.King). Penalty on IND-T.Zbikowski Defensive Holding declined.,17,14,2012
20120909_IND@CHI,2,32,0,CHI,IND,1,10,40,(2:00) (Shotgun) M.Forte left guard to IND 39 for 1 yard (M.Fokou).,17,14,2012
20120909_IND@CHI,2,31,29,CHI,IND,2,9,39,(1:29) (Shotgun) J.Cutler pass short left to B.Marshall to IND 26 for 13 yards (T.Zbikowski).,17,14,2012
20120909_IND@CHI,2,30,58,CHI,IND,1,10,26,(:58) (No Huddle Shotgun) J.Cutler pass deep middle to E.Bennett for 26 yards TOUCHDOWN. Penalty on IND-J.King Defensive Pass Interference declined. The Replay Assistant challenged the runner broke the plane ruling and the play was REVERSED. (No Huddle Shotgun) J.Cutler pass deep middle to E.Bennett to IND 1 for 25 yards (A.Bethea). Penalty on IND-J.King Defensive Pass Interference declined.,17,14,2012
20120909_IND@CHI,2,30,50,CHI,IND,1,1,1,(:50) J.Cutler pass incomplete short right to B.Marshall. PENALTY on IND-V.Davis Defensive Pass Interference 0 yards enforced at IND 1 - No Play.,17,14,2012
20120909_IND@CHI,2,30,46,CHI,IND,1,1,1,(:46) M.Bush left guard for 1 yard TOUCHDOWN.,17,14,2012
20120909_IND@CHI,2,30,46,CHI,IND,,,1,R.Gould extra point is GOOD Center-P.Mannelly Holder-A.Podlesh.,17,14,2012
20120909_IND@CHI,2,30,46,CHI,IND,,,1,R.Gould kicks 66 yards from CHI 35 to IND -1. C.Vaughn to IND 22 for 23 yards (B.Costanzo).,24,14,2012
20120909_IND@CHI,2,30,39,IND,CHI,1,10,78,(:39) (Shotgun) A.Luck pass short middle to C.Fleener to IND 29 for 7 yards (M.Wright).,14,24,2012
20120909_IND@CHI,2,30,34,IND,CHI,2,3,71,(:34) (Shotgun) A.Luck pass short left to R.Wayne pushed ob at IND 37 for 8 yards (K.Hayden).,14,24,2012
20120909_IND@CHI,2,30,27,IND,CHI,1,10,63,(:27) (No Huddle Shotgun) A.Luck pass short left to C.Fleener pushed ob at CHI 41 for 22 yards (M.Wright).,14,24,2012
20120909_IND@CHI,2,30,20,IND,CHI,1,10,41,(:20) (Shotgun) A.Luck pass deep middle to C.Fleener to CHI 19 for 22 yards (M.Wright).,14,24,2012
20120909_IND@CHI,2,30,12,IND,CHI,1,10,19,(:12) (Shotgun) A.Luck pass incomplete deep right to D.Avery (T.Jennings).,14,24,2012
20120909_IND@CHI,2,30,6,IND,CHI,2,10,19,(:06) (Field Goal formation) A.Vinatieri 37 yard field goal is No Good Wide Right Center-M.Overton Holder-P.McAfee.,14,24,2012
20120909_IND@CHI,2,30,2,CHI,IND,1,10,73,(:02) J.Cutler kneels to CHI 26 for -1 yards.,24,14,2012
20120909_IND@CHI,3,30,0,CHI,IND,,,73,R.Gould kicks 65 yards from CHI 35 to end zone Touchback.,24,14,2012
20120909_IND@CHI,3,30,0,IND,CHI,1,10,80,(15:00) D.Brown right end pushed ob at IND 21 for 1 yard (T.Jennings).,14,24,2012
20120909_IND@CHI,3,29,27,IND,CHI,2,9,79,(14:27) A.Luck pass incomplete short left to C.Fleener.,14,24,2012
20120909_IND@CHI,3,29,22,IND,CHI,3,9,79,(14:22) (Shotgun) A.Luck pass incomplete short left to K.Adams.,14,24,2012
20120909_IND@CHI,3,29,19,IND,CHI,4,9,79,(14:19) (Punt formation) P.McAfee punts 57 yards to CHI 22 Center-M.Overton. D.Hester pushed ob at CHI 45 for 23 yards (M.Fokou).,14,24,2012
20120909_IND@CHI,3,29,2,CHI,IND,1,10,55,(14:02) M.Bush right end to IND 35 for 20 yards (A.Bethea). IND-A.Bethea was injured during the play. His return is Questionable.,24,14,2012
20120909_IND@CHI,3,28,23,CHI,IND,1,10,35,(13:23) J.Cutler pass short right to A.Jeffery to IND 12 for 23 yards (V.Davis).,24,14,2012
20120909_IND@CHI,3,27,37,CHI,IND,1,10,12,(12:37) M.Forte left guard to IND 6 for 6 yards (C.Redding; P.McAfee).,24,14,2012
20120909_IND@CHI,3,26,57,CHI,IND,2,4,6,(11:57) M.Forte left tackle for 6 yards TOUCHDOWN.,24,14,2012
20120909_IND@CHI,3,26,57,CHI,IND,,,6,R.Gould extra point is GOOD Center-P.Mannelly Holder-A.Podlesh.,24,14,2012
20120909_IND@CHI,3,26,57,CHI,IND,,,6,R.Gould kicks 71 yards from CHI 35 to IND -6. L.Brazill to IND 9 for 15 yards (J.Thomas). FUMBLES (J.Thomas) RECOVERED by CHI-K.Hayden at IND 12. K.Hayden ran ob at IND 12 for no gain.,31,14,2012
20120909_IND@CHI,3,26,46,CHI,IND,1,10,12,(11:46) D.Hester left end to IND 16 for -4 yards (J.Freeman).,31,14,2012
20120909_IND@CHI,3,25,57,CHI,IND,2,14,16,(10:57) (Shotgun) J.Cutler pass short right to M.Forte to IND 8 for 8 yards (V.Davis).,31,14,2012
20120909_IND@CHI,3,25,11,CHI,IND,3,6,8,(10:11) (Shotgun) J.Cutler pass incomplete short middle to B.Marshall (J.King).,31,14,2012
20120909_IND@CHI,3,25,7,CHI,IND,4,6,8,(10:07) (Field Goal formation) R.Gould 26 yard field goal is GOOD Center-P.Mannelly Holder-A.Podlesh.,31,14,2012
20120909_IND@CHI,3,25,7,CHI,IND,,,8,R.Gould kicks 65 yards from CHI 35 to end zone Touchback.,34,14,2012
20120909_IND@CHI,3,25,2,IND,CHI,1,10,80,(10:02) A.Luck pass short left to C.Fleener to IND 25 for 5 yards (N.Roach).,14,34,2012
20120909_IND@CHI,3,24,20,IND,CHI,2,5,75,(9:20) D.Brown right guard to IND 22 for -3 yards (H.Melton; N.Roach).,14,34,2012
20120909_IND@CHI,3,23,39,IND,CHI,3,8,78,(8:39) (Shotgun) A.Luck pass incomplete short right to L.Brazill (N.Roach) [S.Paea]. PENALTY on CHI-N.Roach Illegal Contact 5 yards enforced at IND 22 - No Play.,14,34,2012
20120909_IND@CHI,3,23,32,IND,CHI,1,10,73,(8:32) A.Luck pass incomplete short left to D.Brown.,14,34,2012
20120909_IND@CHI,3,23,26,IND,CHI,2,10,73,(8:26) (Shotgun) A.Luck pass short right to K.Adams to IND 40 for 13 yards (T.Jennings; N.Roach).,14,34,2012
20120909_IND@CHI,3,22,46,IND,CHI,1,10,60,(7:46) D.Brown left end to IND 40 for no gain (M.Toeaina; G.Hayes).,14,34,2012
20120909_IND@CHI,3,22,6,IND,CHI,2,10,60,(7:06) (Shotgun) A.Luck pass incomplete short left to D.Avery (K.Hayden).,14,34,2012
20120909_IND@CHI,3,22,1,IND,CHI,3,10,60,(7:01) (Shotgun) A.Luck pass short middle to R.Wayne to CHI 41 for 19 yards (C.Conte).,14,34,2012
20120909_IND@CHI,3,21,22,IND,CHI,1,10,41,(6:22) A.Luck pass deep middle to C.Fleener to CHI 17 for 24 yards (G.Hayes).,14,34,2012
20120909_IND@CHI,3,20,42,IND,CHI,1,10,17,(5:42) A.Luck pass incomplete short right to R.Wayne.,14,34,2012
20120909_IND@CHI,3,20,37,IND,CHI,2,10,17,(5:37) D.Brown right guard to CHI 10 for 7 yards (J.Peppers).,14,34,2012
20120909_IND@CHI,3,19,57,IND,CHI,3,3,10,(4:57) (Shotgun) A.Luck pass short right intended for R.Wayne INTERCEPTED by C.Conte (T.Jennings) at CHI -3. C.Conte to CHI 32 for 35 yards (K.Adams).,14,34,2012
20120909_IND@CHI,3,19,46,CHI,IND,1,10,68,(4:46) M.Forte right tackle to CHI 31 for -1 yards (R.Mathis).,34,14,2012
20120909_IND@CHI,3,19,2,CHI,IND,2,11,69,(4:02) J.Cutler pass short left to D.Hester to CHI 29 for -2 yards (J.Powers).,34,14,2012
20120909_IND@CHI,3,18,13,CHI,IND,3,13,71,(3:13) (Shotgun) J.Cutler sacked at CHI 22 for -7 yards (R.Mathis).,34,14,2012
20120909_IND@CHI,3,17,46,CHI,IND,4,20,78,(2:46) (Punt formation) A.Podlesh punts 40 yards to IND 38 Center-P.Mannelly. L.Brazill to IND 46 for 8 yards (B.Costanzo).,34,14,2012
20120909_IND@CHI,3,17,37,IND,CHI,1,10,54,(2:37) A.Luck pass incomplete short middle to C.Fleener.,14,34,2012
20120909_IND@CHI,3,17,32,IND,CHI,2,10,54,(2:32) (Shotgun) D.Brown right tackle to CHI 41 for 13 yards (T.Jennings; C.Conte).,14,34,2012
20120909_IND@CHI,3,16,53,IND,CHI,1,10,41,(1:53) A.Luck pass incomplete. Chicago challenged the incomplete pass ruling and the play was REVERSED. A.Luck sacked at CHI 45 for -4 yards (C.Wootton). FUMBLES (C.Wootton) RECOVERED by CHI-J.Peppers at CHI 41. J.Peppers to CHI 41 for no gain (A.Castonzo).,14,34,2012
20120909_IND@CHI,3,16,49,CHI,IND,1,10,59,(1:49) M.Forte left end to CHI 38 for -3 yards (K.Conner).,34,14,2012
20120909_IND@CHI,3,16,9,CHI,IND,2,13,62,(1:09) (Shotgun) J.Cutler pass incomplete deep middle to E.Bennett (A.Bethea).,34,14,2012
20120909_IND@CHI,3,16,3,CHI,IND,3,13,62,(1:03) (Shotgun) J.Cutler pass short left to B.Marshall to 50 for 12 yards (J.Powers). Measurement. Chicago challenged the runner was down by contact ruling and the play was Upheld. (Timeout #1.),34,14,2012
20120909_IND@CHI,3,15,20,CHI,IND,4,1,50,(:20) (Punt formation) A.Podlesh punts 50 yards to end zone Center-P.Mannelly Touchback.,34,14,2012
20120909_IND@CHI,3,15,12,IND,CHI,1,10,80,(:12) A.Luck scrambles right end pushed ob at IND 26 for 6 yards (T.Jennings).,14,34,2012
20120909_IND@CHI,4,15,0,IND,CHI,2,4,74,(15:00) A.Luck pass short right to R.Wayne to IND 46 for 20 yards (M.Wright).,14,34,2012
20120909_IND@CHI,4,14,25,IND,CHI,1,10,54,(14:25) (Shotgun) V.Ballard left guard to IND 48 for 2 yards (M.Toeaina).,14,34,2012
20120909_IND@CHI,4,13,49,IND,CHI,2,8,52,(13:49) A.Luck pass deep left to R.Wayne to CHI 31 for 21 yards (C.Conte).,14,34,2012
20120909_IND@CHI,4,13,8,IND,CHI,1,10,31,(13:08) V.Ballard left end to CHI 31 for no gain (J.Peppers).,14,34,2012
20120909_IND@CHI,4,12,25,IND,CHI,2,10,31,(12:25) (Shotgun) A.Luck pass incomplete deep left to C.Fleener.,14,34,2012
20120909_IND@CHI,4,12,21,IND,CHI,3,10,31,(12:21) (Shotgun) A.Luck pass incomplete short middle to D.Avery.,14,34,2012
20120909_IND@CHI,4,12,16,IND,CHI,4,10,31,(12:16) (Shotgun) A.Luck pass short middle to K.Adams to CHI 18 for 13 yards (D.Moore).,14,34,2012
20120909_IND@CHI,4,11,33,IND,CHI,1,10,18,(11:33) A.Luck pass short right to R.Wayne pushed ob at CHI 11 for 7 yards (K.Hayden).,14,34,2012
20120909_IND@CHI,4,11,6,IND,CHI,2,3,11,(11:06) A.Luck pass short left to D.Avery to CHI 4 for 7 yards (K.Hayden).,14,34,2012
20120909_IND@CHI,4,10,28,IND,CHI,1,4,4,(10:28) (Shotgun) A.Luck pass incomplete short middle to R.Wayne.,14,34,2012
20120909_IND@CHI,4,10,24,IND,CHI,2,4,4,(10:24) A.Luck pass short left to D.Avery for 4 yards TOUCHDOWN.,14,34,2012
20120909_IND@CHI,4,10,24,IND,CHI,,,4,A.Vinatieri extra point is GOOD Center-M.Overton Holder-P.McAfee.,14,34,2012
20120909_IND@CHI,4,10,24,IND,CHI,,,4,P.McAfee kicks 65 yards from IND 35 to end zone Touchback.,21,34,2012
20120909_IND@CHI,4,10,20,CHI,IND,1,10,80,(10:20) M.Forte right guard to CHI 21 for 1 yard (K.Conner).,34,21,2012
20120909_IND@CHI,4,9,39,CHI,IND,2,9,79,(9:39) J.Cutler pass deep left to B.Marshall to CHI 43 for 22 yards (J.Powers).,34,21,2012
20120909_IND@CHI,4,8,56,CHI,IND,1,10,57,(8:56) M.Forte right end pushed ob at CHI 46 for 3 yards (J.Freeman).,34,21,2012
20120909_IND@CHI,4,8,20,CHI,IND,2,7,54,(8:20) M.Forte left guard to IND 48 for 6 yards (A.Bethea).,34,21,2012
20120909_IND@CHI,4,7,40,CHI,IND,3,1,48,(7:40) M.Bush left tackle to IND 45 for 3 yards (J.Freeman).,34,21,2012
20120909_IND@CHI,4,7,0,CHI,IND,1,10,45,(7:00) M.Forte right tackle to IND 42 for 3 yards (V.Davis).,34,21,2012
20120909_IND@CHI,4,6,16,CHI,IND,2,7,42,(6:16) J.Cutler pass deep middle to A.Jeffery for 42 yards TOUCHDOWN.,34,21,2012
20120909_IND@CHI,4,6,16,CHI,IND,,,42,R.Gould extra point is GOOD Center-P.Mannelly Holder-A.Podlesh.,34,21,2012
20120909_IND@CHI,4,6,16,CHI,IND,,,42,R.Gould kicks 53 yards from CHI 35 to IND 12. M.Moore to IND 19 for 7 yards (A.Walters).,41,21,2012
20120909_IND@CHI,4,6,2,IND,CHI,1,10,81,(6:02) (Shotgun) A.Luck pass incomplete short middle to R.Wayne (D.Moore).,21,41,2012
20120909_IND@CHI,4,5,54,IND,CHI,2,10,81,(5:54) (Shotgun) A.Luck pass short left to M.Moore to IND 30 for 11 yards (K.Hayden).,21,41,2012
20120909_IND@CHI,4,5,30,IND,CHI,1,10,70,(5:30) (No Huddle) A.Luck pass incomplete short right to R.Wayne (D.Moore).,21,41,2012
20120909_IND@CHI,4,5,28,IND,CHI,2,10,70,(5:28) (Shotgun) A.Luck pass incomplete short middle to D.Avery.,21,41,2012
20120909_IND@CHI,4,5,24,IND,CHI,3,10,70,(5:24) (Shotgun) A.Luck sacked at IND 21 for -9 yards (H.Melton).,21,41,2012
20120909_IND@CHI,4,5,1,IND,CHI,4,19,79,(5:01) (Punt formation) P.McAfee punts 54 yards to CHI 25 Center-M.Overton downed by IND-J.Lefeged.,21,41,2012
20120909_IND@CHI,4,4,48,CHI,IND,1,10,75,(4:48) M.Bush right end to CHI 46 for 21 yards (J.Hughes). PENALTY on CHI-K.Davis Offensive Holding 10 yards enforced at CHI 25 - No Play.,41,21,2012
20120909_IND@CHI,4,4,16,CHI,IND,1,20,85,(4:16) M.Bush left tackle to CHI 18 for 3 yards (J.Freeman).,41,21,2012
20120909_IND@CHI,4,3,30,CHI,IND,2,17,82,(3:30) M.Bush right tackle to CHI 15 for -3 yards (M.Harvey).,41,21,2012
20120909_IND@CHI,4,2,43,CHI,IND,3,20,85,(2:43) M.Bush right tackle to CHI 21 for 6 yards (J.Lefeged).,41,21,2012
20120909_IND@CHI,4,2,37,CHI,IND,4,14,79,(2:37) (Punt formation) A.Podlesh punts 40 yards to IND 39 Center-P.Mannelly. L.Brazill pushed ob at IND 43 for 4 yards (S.McManis).,41,21,2012
20120909_IND@CHI,4,2,28,IND,CHI,1,10,57,(2:28) (Shotgun) A.Luck pass short right to C.Fleener to IND 45 for 2 yards (M.Wright).,21,41,2012
20120909_IND@CHI,4,2,10,IND,CHI,2,8,55,(2:10) (No Huddle Shotgun) A.Luck pass incomplete short right to C.Fleener.,21,41,2012
20120909_IND@CHI,4,2,4,IND,CHI,3,8,55,(2:04) (Shotgun) A.Luck sacked at IND 38 for -7 yards (H.Melton).,21,41,2012
20120909_IND@CHI,4,1,59,IND,CHI,4,15,62,(1:59) (Shotgun) A.Luck pass deep left to D.Avery to CHI 36 for 26 yards (D.Moore).,21,41,2012
20120909_IND@CHI,4,1,52,IND,CHI,1,10,36,(1:52) (Shotgun) A.Luck pass deep right intended for K.Adams INTERCEPTED by T.Jennings at CHI 15. T.Jennings to CHI 26 for 11 yards (A.Castonzo).,21,41,2012
20120909_IND@CHI,4,1,42,CHI,IND,1,10,74,(1:42) J.Cutler kneels to CHI 25 for -1 yards.,41,21,2012
20120909_IND@CHI,4,0,58,CHI,IND,2,11,75,(:58) J.Cutler kneels to CHI 24 for -1 yards.,41,21,2012
20120909_IND@CHI,4,0,33,CHI,IND,3,12,76,(:33) J.Cutler kneels to CHI 23 for -1 yards.,41,21,2012
20120909_IND@CHI,4,0,33,CHI,IND,,,76,                      ,41,21,2012
20120909_PHI@CLE,1,0,0,CLE,PHI,,,76,P.Dawson kicks 57 yards from CLV 35 to PHI 8. S.Havili to PHI 26 for 18 yards (L.Fort).,0,0,2012
20120909_PHI@CLE,1,59,56,PHI,CLE,1,10,74,(14:56) M.Vick pass short left to L.McCoy to PHI 20 for -6 yards (B.Winn).,0,0,2012
20120909_PHI@CLE,1,59,16,PHI,CLE,2,16,80,(14:16) (Shotgun) M.Vick pass short middle to B.Celek to PHI 31 for 11 yards (D.Jackson; C.Robertson).,0,0,2012
20120909_PHI@CLE,1,58,33,PHI,CLE,3,5,69,(13:33) (Shotgun) M.Vick pass short left to L.McCoy to CLV 45 for 24 yards (E.Hagg). PENALTY on PHI-J.Maclin Offensive Pass Interference 10 yards enforced at PHI 31 - No Play.,0,0,2012
20120909_PHI@CLE,1,58,14,PHI,CLE,3,15,79,(13:14) (Shotgun) M.Vick scrambles up the middle to PHI 37 for 16 yards (T.Ward).,0,0,2012
20120909_PHI@CLE,1,57,36,PHI,CLE,1,10,63,(12:36) M.Vick pass short left to D.Jackson to CLV 48 for 15 yards (J.Haden).,0,0,2012
20120909_PHI@CLE,1,56,58,PHI,CLE,1,10,48,(11:58) D.Jackson right end to CLV 43 for 5 yards (A.Rubin).,0,0,2012
20120909_PHI@CLE,1,56,18,PHI,CLE,2,5,43,(11:18) L.McCoy left end to CLV 48 for -5 yards (T.Ward). FUMBLES (T.Ward) RECOVERED by CLV-D.Jackson at CLV 49. D.Jackson to CLV 49 for no gain (M.Vick).,0,0,2012
20120909_PHI@CLE,1,56,10,CLE,PHI,1,10,51,(11:10) T.Richardson right guard to 50 for 1 yard (M.Kendricks).,0,0,2012
20120909_PHI@CLE,1,55,39,CLE,PHI,2,9,50,(10:39) B.Weeden pass short left to M.Massaquoi to PHI 26 for 24 yards (K.Coleman).,0,0,2012
20120909_PHI@CLE,1,55,2,CLE,PHI,1,10,26,(10:02) T.Richardson left guard to PHI 25 for 1 yard (J.Babin).,0,0,2012
20120909_PHI@CLE,1,54,25,CLE,PHI,2,9,25,(9:25) B.Weeden pass incomplete deep right to M.Massaquoi.,0,0,2012
20120909_PHI@CLE,1,54,19,CLE,PHI,3,9,25,(9:19) (Shotgun) B.Weeden pass incomplete short right to T.Benjamin (D.Rodgers-Cromartie).,0,0,2012
20120909_PHI@CLE,1,54,16,CLE,PHI,4,9,25,(9:16) P.Dawson 43 yard field goal is GOOD Center-C.Yount Holder-R.Hodges.,0,0,2012
20120909_PHI@CLE,1,54,16,CLE,PHI,,,25,P.Dawson kicks 68 yards from CLV 35 to PHI -3. B.Boykin to PHI 26 for 29 yards (T.Gipson).,3,0,2012
20120909_PHI@CLE,1,54,7,PHI,CLE,1,10,79,(9:07) M.Vick FUMBLES (Aborted) at PHI 21 recovered by PHI-L.McCoy at PHI 21.,0,3,2012
20120909_PHI@CLE,1,53,30,PHI,CLE,2,15,79,(8:30) (Shotgun) L.McCoy left tackle ran ob at PHI 30 for 9 yards (K.Maiava).,0,3,2012
20120909_PHI@CLE,1,53,7,PHI,CLE,3,6,70,(8:07) (Shotgun) M.Vick pass short right to C.Harbor to PHI 35 for 5 yards (C.Robertson). PENALTY on CLV-B.Winn Neutral Zone Infraction 5 yards enforced at PHI 30 - No Play.,0,3,2012
20120909_PHI@CLE,1,52,47,PHI,CLE,3,1,65,(7:47) M.Vick pass short left to L.McCoy to PHI 45 for 10 yards (S.Brown).,0,3,2012
20120909_PHI@CLE,1,52,22,PHI,CLE,1,10,55,(7:22) L.McCoy left tackle to PHI 48 for 3 yards (B.Winn). PENALTY on PHI-E.Mathis Offensive Holding 10 yards enforced at PHI 45 - No Play.,0,3,2012
20120909_PHI@CLE,1,52,6,PHI,CLE,1,20,65,(7:06) L.McCoy right guard to PHI 39 for 4 yards (J.Parker).,0,3,2012
20120909_PHI@CLE,1,51,29,PHI,CLE,2,16,61,(6:29) (Shotgun) M.Vick pass short right to J.Avant to PHI 44 for 5 yards (C.Robertson) [J.Parker].,0,3,2012
20120909_PHI@CLE,1,50,42,PHI,CLE,3,11,56,(5:42) (Shotgun) M.Vick pass deep left to D.Jackson to CLV 38 for 18 yards (J.Haden) [C.Robertson]. Penalty on CLV-J.Haden Defensive Pass Interference declined.,0,3,2012
20120909_PHI@CLE,1,50,22,PHI,CLE,1,10,38,(5:22) M.Vick sacked at CLV 39 for -1 yards (L.Fort).,0,3,2012
20120909_PHI@CLE,1,49,46,PHI,CLE,2,11,39,(4:46) (Shotgun) M.Vick pass incomplete short middle to J.Maclin. PENALTY on PHI-K.Dunlap Offensive Holding 10 yards enforced at CLV 39 - No Play.,0,3,2012
20120909_PHI@CLE,1,49,41,PHI,CLE,2,21,49,(4:41) (Shotgun) M.Vick pass short middle intended for B.Celek INTERCEPTED by C.Robertson at CLV 39. C.Robertson to CLV 40 for 1 yard (L.McCoy).,0,3,2012
20120909_PHI@CLE,1,49,32,CLE,PHI,1,10,60,(4:32) T.Richardson right tackle to CLV 42 for 2 yards (M.Kendricks).,3,0,2012
20120909_PHI@CLE,1,48,53,CLE,PHI,2,8,58,(3:53) B.Weeden pass short right to A.Smith to CLV 41 for -1 yards (N.Allen).,3,0,2012
20120909_PHI@CLE,1,48,12,CLE,PHI,3,9,59,(3:12) B.Weeden sacked at CLV 41 for 0 yards. FUMBLES recovered by CLV-J.Pinkston at CLV 38. J.Pinkston to CLV 38 for no gain (T.Cole). PENALTY on PHI-J.Babin Neutral Zone Infraction 5 yards enforced at CLV 41 - No Play.,3,0,2012
20120909_PHI@CLE,1,47,56,CLE,PHI,3,4,54,(2:56) (Shotgun) B.Weeden pass short left to B.Watson to CLV 49 for 3 yards (D.Ryans).,3,0,2012
20120909_PHI@CLE,1,47,14,CLE,PHI,4,1,51,(2:14) R.Hodges punts 44 yards to PHI 7 Center-C.Yount fair catch by D.Johnson. PENALTY on CLV-B.Skrine Interference with Opportunity to Catch 15 yards enforced at PHI 7.,3,0,2012
20120909_PHI@CLE,1,47,5,PHI,CLE,1,10,78,(2:05) (Shotgun) M.Vick pass short left to J.Maclin to PHI 31 for 9 yards (S.Brown) [D.Patterson].,0,3,2012
20120909_PHI@CLE,1,46,50,PHI,CLE,2,1,69,(1:50) L.McCoy right guard to PHI 40 for 9 yards (S.Brown; T.Ward). CLV-S.Brown was injured during the play. His return is Questionable.,0,3,2012
20120909_PHI@CLE,1,46,18,PHI,CLE,1,10,60,(1:18) M.Vick pass deep right to D.Jackson ran ob at CLV 25 for 35 yards (E.Hagg) [A.Rubin].,0,3,2012
20120909_PHI@CLE,1,45,47,PHI,CLE,1,10,25,(:47) (Shotgun) L.McCoy left tackle to CLV 23 for 2 yards (F.Rucker; D.Jackson).,0,3,2012
20120909_PHI@CLE,1,45,10,PHI,CLE,2,8,23,(:10) M.Vick pass incomplete short left to D.Jackson.,0,3,2012
20120909_PHI@CLE,1,45,1,PHI,CLE,3,8,23,(:01) (Shotgun) M.Vick pass incomplete deep left to D.Jackson [J.Parker].,0,3,2012
20120909_PHI@CLE,2,45,0,PHI,CLE,4,8,23,(15:00) A.Henery 42 yard field goal is GOOD Center-J.Dorenbos Holder-C.Henry.,0,3,2012
20120909_PHI@CLE,2,45,0,PHI,CLE,,,23,A.Henery kicks 70 yards from PHI 35 to CLV -5. J.Cribbs to CLV 34 for 39 yards (J.Chaney; C.Marsh).,3,3,2012
20120909_PHI@CLE,2,44,52,CLE,PHI,1,10,66,(14:52) T.Richardson left guard to CLV 39 for 5 yards (B.Graham).,3,3,2012
20120909_PHI@CLE,2,44,22,CLE,PHI,2,5,61,(14:22) B.Weeden pass short right to T.Benjamin to PHI 49 for 12 yards (D.Rodgers-Cromartie).,3,3,2012
20120909_PHI@CLE,2,43,49,CLE,PHI,1,10,49,(13:49) T.Richardson left guard to PHI 48 for 1 yard (M.Kendricks; T.Cole).,3,3,2012
20120909_PHI@CLE,2,43,10,CLE,PHI,2,9,48,(13:10) T.Benjamin left end to PHI 13 for 35 yards (N.Asomugha). 16 Cribbs hands off to 80 Benjamin on reverse,3,3,2012
20120909_PHI@CLE,2,42,25,CLE,PHI,1,10,13,(12:25) (Shotgun) B.Weeden pass incomplete short right to T.Richardson.,3,3,2012
20120909_PHI@CLE,2,42,20,CLE,PHI,2,10,13,(12:20) (Shotgun) B.Weeden pass short middle intended for G.Little INTERCEPTED by K.Coleman at PHI 1. K.Coleman to PHI 7 for 6 yards (G.Little). Ball deflected off 95 Kendricks,3,3,2012
20120909_PHI@CLE,2,42,11,PHI,CLE,1,10,93,(12:11) M.Vick pass short left to J.Maclin to PHI 12 for 5 yards (D.Patterson).,3,3,2012
20120909_PHI@CLE,2,41,46,PHI,CLE,2,5,88,(11:46) M.Vick pass incomplete short right to D.Johnson.,3,3,2012
20120909_PHI@CLE,2,41,38,PHI,CLE,3,5,88,(11:38) (Shotgun) M.Vick pass short left to J.Maclin to PHI 15 for 3 yards (D.Patterson). PHI-J.Maclin was injured during the play. His return is Questionable.,3,3,2012
20120909_PHI@CLE,2,41,12,PHI,CLE,4,2,85,(11:12) C.Henry punts 60 yards to CLV 25 Center-J.Dorenbos. J.Cribbs to CLV 31 for 6 yards (K.Coleman).,3,3,2012
20120909_PHI@CLE,2,41,0,CLE,PHI,1,10,69,(11:00) B.Weeden pass incomplete short right to T.Richardson.,3,3,2012
20120909_PHI@CLE,2,40,56,CLE,PHI,2,10,69,(10:56) T.Richardson left guard to CLV 40 for 9 yards (K.Coleman).,3,3,2012
20120909_PHI@CLE,2,40,13,CLE,PHI,3,1,60,(10:13) T.Richardson left guard to CLV 39 for -1 yards (D.Ryans).,3,3,2012
20120909_PHI@CLE,2,39,41,CLE,PHI,4,2,61,(9:41) R.Hodges punts 42 yards to PHI 19 Center-C.Yount downed by CLV-B.Skrine.,3,3,2012
20120909_PHI@CLE,2,39,27,PHI,CLE,1,10,81,(9:27) M.Vick scrambles right guard to PHI 30 for 11 yards (C.Robertson).,3,3,2012
20120909_PHI@CLE,2,38,47,PHI,CLE,1,10,70,(8:47) (Shotgun) M.Vick pass incomplete short left to B.Celek [B.Skrine].,3,3,2012
20120909_PHI@CLE,2,38,43,PHI,CLE,2,10,70,(8:43) L.McCoy left tackle to PHI 47 for 17 yards (J.Parker). PENALTY on PHI-J.Kelce Offensive Holding 10 yards enforced at PHI 30 - No Play.,3,3,2012
20120909_PHI@CLE,2,38,21,PHI,CLE,2,20,80,(8:21) (Shotgun) M.Vick pass short left to B.Celek to PHI 29 for 9 yards (B.Winn; J.Haden).,3,3,2012
20120909_PHI@CLE,2,37,40,PHI,CLE,3,11,71,(7:40) M.Vick pass incomplete short left to L.McCoy.,3,3,2012
20120909_PHI@CLE,2,37,33,PHI,CLE,4,11,71,(7:33) C.Henry punts 52 yards to CLV 19 Center-J.Dorenbos. J.Cribbs to CLV 36 for 17 yards (A.Jordan).,3,3,2012
20120909_PHI@CLE,2,37,22,CLE,PHI,1,10,64,(7:22) (Shotgun) B.Weeden pass incomplete short right to G.Little.,3,3,2012
20120909_PHI@CLE,2,37,18,CLE,PHI,2,10,64,(7:18) T.Richardson left tackle to CLV 35 for -1 yards (C.Jenkins).,3,3,2012
20120909_PHI@CLE,2,36,35,CLE,PHI,3,11,65,(6:35) (Shotgun) B.Weeden pass deep right intended for T.Benjamin INTERCEPTED by D.Rodgers-Cromartie at PHI 26. D.Rodgers-Cromartie to PHI 26 for no gain (T.Benjamin).,3,3,2012
20120909_PHI@CLE,2,36,28,PHI,CLE,1,10,74,(6:28) M.Vick sacked at PHI 16 for -10 yards (T.Ward).,3,3,2012
20120909_PHI@CLE,2,36,1,PHI,CLE,2,20,84,(6:01) (Shotgun) M.Vick pass short right to L.McCoy pushed ob at PHI 23 for 7 yards (C.Robertson).,3,3,2012
20120909_PHI@CLE,2,35,32,PHI,CLE,3,13,77,(5:32) (Shotgun) M.Vick pass short right to C.Harbor to PHI 33 for 10 yards (B.Skrine).,3,3,2012
20120909_PHI@CLE,2,35,1,PHI,CLE,4,3,67,(5:01) C.Henry punts 54 yards to CLV 13 Center-J.Dorenbos. J.Cribbs to CLV 36 for 23 yards (A.Jordan).,3,3,2012
20120909_PHI@CLE,2,34,47,CLE,PHI,1,10,64,(4:47) PENALTY on PHI-F.Cox Encroachment 5 yards enforced at CLV 36 - No Play.,3,3,2012
20120909_PHI@CLE,2,34,47,CLE,PHI,1,5,59,(4:47) B.Weeden pass short left to M.Massaquoi to CLV 45 for 4 yards (M.Kendricks).,3,3,2012
20120909_PHI@CLE,2,34,16,CLE,PHI,2,1,55,(4:16) T.Richardson up the middle to CLV 45 for no gain (A.Jordan).,3,3,2012
20120909_PHI@CLE,2,33,34,CLE,PHI,3,1,55,(3:34) B.Weeden pass short right to B.Jackson to PHI 49 for 6 yards (N.Allen).,3,3,2012
20120909_PHI@CLE,2,33,4,CLE,PHI,1,10,49,(3:04) B.Weeden pass incomplete deep right to O.Marecic.,3,3,2012
20120909_PHI@CLE,2,32,55,CLE,PHI,2,10,49,(2:55) B.Weeden pass incomplete short right to J.Gordon (N.Asomugha).,3,3,2012
20120909_PHI@CLE,2,32,52,CLE,PHI,3,10,49,(2:52) (Shotgun) B.Weeden pass incomplete deep right to M.Massaquoi [J.Babin].,3,3,2012
20120909_PHI@CLE,2,32,45,CLE,PHI,4,10,49,(2:45) R.Hodges punts 49 yards to end zone Center-C.Yount Touchback.,3,3,2012
20120909_PHI@CLE,2,32,37,PHI,CLE,1,10,80,(2:37) L.McCoy right guard to PHI 30 for 10 yards (K.Maiava). PENALTY on PHI-J.Maclin Offensive Holding 10 yards enforced at PHI 30.,3,3,2012
20120909_PHI@CLE,2,32,29,PHI,CLE,1,10,80,(2:29) (Shotgun) M.Vick pass short left to J.Maclin to PHI 24 for 4 yards (B.Skrine).,3,3,2012
20120909_PHI@CLE,2,31,59,PHI,CLE,2,6,76,(1:59) L.McCoy left tackle pushed ob at PHI 46 for 22 yards (B.Skrine).,3,3,2012
20120909_PHI@CLE,2,31,53,PHI,CLE,1,10,54,(1:53) (Shotgun) M.Vick pass incomplete deep right to D.Jackson.,3,3,2012
20120909_PHI@CLE,2,31,47,PHI,CLE,2,10,54,(1:47) (Shotgun) M.Vick pass incomplete short left to J.Maclin.,3,3,2012
20120909_PHI@CLE,2,31,42,PHI,CLE,3,10,54,(1:42) (Shotgun) M.Vick pass incomplete short right to D.Johnson.,3,3,2012
20120909_PHI@CLE,2,31,35,PHI,CLE,4,10,54,(1:35) C.Henry punts 41 yards to CLV 13 Center-J.Dorenbos. J.Cribbs to CLV 18 for 5 yards (A.Jordan).,3,3,2012
20120909_PHI@CLE,2,31,26,CLE,PHI,1,10,82,(1:26) T.Richardson left guard to CLV 21 for 3 yards (F.Cox).,3,3,2012
20120909_PHI@CLE,2,31,6,CLE,PHI,2,7,79,(1:06) T.Richardson left guard to CLV 26 for 5 yards (J.Babin).,3,3,2012
20120909_PHI@CLE,2,31,0,CLE,PHI,3,2,74,(1:00) B.Weeden pass incomplete short right to O.Marecic [J.Babin].,3,3,2012
20120909_PHI@CLE,2,30,56,CLE,PHI,4,2,74,(:56) R.Hodges punts 49 yards to PHI 25 Center-C.Yount fair catch by D.Johnson.,3,3,2012
20120909_PHI@CLE,2,30,49,PHI,CLE,1,10,74,(:49) (Shotgun) M.Vick pass incomplete short left to L.McCoy (C.Robertson) [E.Hagg].,3,3,2012
20120909_PHI@CLE,2,30,43,PHI,CLE,2,10,74,(:43) (Shotgun) M.Vick pass short left to L.McCoy ran ob at PHI 36 for 10 yards (J.Haden).,3,3,2012
20120909_PHI@CLE,2,30,35,PHI,CLE,1,10,64,(:35) (Shotgun) M.Vick pass incomplete short right to L.McCoy.,3,3,2012
20120909_PHI@CLE,2,30,30,PHI,CLE,2,10,64,(:30) (Shotgun) M.Vick pass deep left to J.Maclin to CLV 18 for 46 yards (B.Skrine).,3,3,2012
20120909_PHI@CLE,2,30,23,PHI,CLE,1,10,18,(:23) (Shotgun) M.Vick pass deep middle to J.Maclin for 18 yards TOUCHDOWN.,3,3,2012
20120909_PHI@CLE,2,30,23,PHI,CLE,,,18,A.Henery extra point is GOOD Center-J.Dorenbos Holder-C.Henry.,3,3,2012
20120909_PHI@CLE,2,30,23,PHI,CLE,,,18,A.Henery kicks 40 yards from PHI 35 to CLV 25. E.Stephens to CLV 32 for 7 yards (C.Marsh).,10,3,2012
20120909_PHI@CLE,2,30,14,CLE,PHI,1,10,68,(:14) (Shotgun) B.Weeden pass incomplete deep left to T.Benjamin.,3,10,2012
20120909_PHI@CLE,2,30,9,CLE,PHI,2,10,68,(:09) (Shotgun) B.Weeden pass short right to J.Gordon ran ob at PHI 48 for 20 yards (D.Ryans).,3,10,2012
20120909_PHI@CLE,2,30,1,CLE,PHI,1,10,48,(:01) (Shotgun) B.Weeden scrambles left end to PHI 23 for 25 yards (D.Ryans).,3,10,2012
20120909_PHI@CLE,3,30,0,PHI,CLE,,,48,A.Henery kicks 71 yards from PHI 35 to CLV -6. J.Cribbs to CLV 13 for 19 yards (B.Rolle).,10,3,2012
20120909_PHI@CLE,3,29,56,CLE,PHI,1,10,87,(14:56) T.Richardson right guard to CLV 14 for 1 yard (J.Babin).,3,10,2012
20120909_PHI@CLE,3,29,16,CLE,PHI,2,9,86,(14:16) (Shotgun) B.Weeden pass short middle to J.Gordon to CLV 26 for 12 yards (K.Coleman).,3,10,2012
20120909_PHI@CLE,3,28,42,CLE,PHI,1,10,74,(13:42) B.Weeden sacked at CLV 19 for -7 yards (J.Babin). FUMBLES (J.Babin) recovered by CLV-J.Thomas at CLV 19. J.Thomas to CLV 26 for 7 yards.,3,10,2012
20120909_PHI@CLE,3,27,57,CLE,PHI,2,10,74,(12:57) T.Richardson left guard to CLV 31 for 5 yards (C.Jenkins).,3,10,2012
20120909_PHI@CLE,3,27,16,CLE,PHI,3,5,69,(12:16) B.Weeden pass incomplete short right to M.Massaquoi (B.Boykin).,3,10,2012
20120909_PHI@CLE,3,27,9,CLE,PHI,4,5,69,(12:09) R.Hodges punts 54 yards to PHI 15 Center-C.Yount. D.Johnson to PHI 21 for 6 yards (J.Bademosi). PENALTY on PHI-B.Rolle Illegal Block Above the Waist 10 yards enforced at PHI 21.,3,10,2012
20120909_PHI@CLE,3,26,59,PHI,CLE,1,10,89,(11:59) (Shotgun) M.Vick pass incomplete short right to C.Harbor (K.Maiava).,10,3,2012
20120909_PHI@CLE,3,26,54,PHI,CLE,2,10,89,(11:54) (Shotgun) L.McCoy left guard to PHI 6 for -5 yards (B.Skrine).,10,3,2012
20120909_PHI@CLE,3,26,11,PHI,CLE,3,15,94,(11:11) (Shotgun) M.Vick pass incomplete deep right to J.Maclin (A.Rubin). Penalty on PHI-D.Watkins Offensive Holding declined.,10,3,2012
20120909_PHI@CLE,3,26,5,PHI,CLE,4,15,94,(11:05) C.Henry punts 61 yards to CLV 33 Center-J.Dorenbos. J.Cribbs to CLV 39 for 6 yards (A.Jordan).,10,3,2012
20120909_PHI@CLE,3,25,52,CLE,PHI,1,10,61,(10:52) B.Weeden pass deep right intended for T.Benjamin INTERCEPTED by D.Rodgers-Cromartie at PHI 34. D.Rodgers-Cromartie to PHI 34 for no gain (G.Little). PENALTY on PHI-P.Hunt Unnecessary Roughness 15 yards enforced at PHI 34.,3,10,2012
20120909_PHI@CLE,3,25,46,PHI,CLE,1,10,81,(10:46) L.McCoy right tackle to PHI 19 for no gain (F.Rucker).,10,3,2012
20120909_PHI@CLE,3,25,10,PHI,CLE,2,10,81,(10:10) M.Vick pass incomplete short left to C.Harbor (D.Jackson).,10,3,2012
20120909_PHI@CLE,3,25,6,PHI,CLE,3,10,81,(10:06) M.Vick pass short left to D.Johnson to PHI 29 for 10 yards (B.Skrine).,10,3,2012
20120909_PHI@CLE,3,24,37,PHI,CLE,1,10,71,(9:37) L.McCoy right tackle to PHI 35 for 6 yards (A.Rubin; K.Maiava). Deflected off 52 Jackson,10,3,2012
20120909_PHI@CLE,3,24,2,PHI,CLE,2,4,65,(9:02) (Shotgun) L.McCoy left tackle to PHI 38 for 3 yards (J.Haden).,10,3,2012
20120909_PHI@CLE,3,23,17,PHI,CLE,3,1,62,(8:17) L.McCoy left tackle to PHI 39 for 1 yard (L.Fort).,10,3,2012
20120909_PHI@CLE,3,22,30,PHI,CLE,1,10,61,(7:30) M.Vick pass short middle intended for C.Harbor INTERCEPTED by L.Fort at CLV 47. L.Fort to PHI 43 for 10 yards (C.Harbor).,10,3,2012
20120909_PHI@CLE,3,22,19,CLE,PHI,1,10,46,(7:19) B.Weeden FUMBLES (Aborted) at PHI 43 recovered by CLV-T.Richardson at PHI 46.,3,10,2012
20120909_PHI@CLE,3,21,40,CLE,PHI,2,13,46,(6:40) (Shotgun) B.Weeden pass short left to M.Massaquoi to PHI 33 for 13 yards (N.Allen; B.Boykin).,3,10,2012
20120909_PHI@CLE,3,21,7,CLE,PHI,1,10,33,(6:07) B.Weeden sacked at PHI 40 for -7 yards (F.Cox). PENALTY on PHI Roughing the Passer 15 yards enforced at PHI 40.,3,10,2012
20120909_PHI@CLE,3,20,48,CLE,PHI,1,10,25,(5:48) B.Weeden pass incomplete short left to J.Gordon (N.Asomugha).,3,10,2012
20120909_PHI@CLE,3,20,42,CLE,PHI,2,10,25,(5:42) T.Richardson left tackle to PHI 24 for 1 yard (D.Ryans).,3,10,2012
20120909_PHI@CLE,3,20,5,CLE,PHI,3,9,24,(5:05) (Shotgun) B.Weeden pass incomplete short middle to M.Massaquoi.,3,10,2012
20120909_PHI@CLE,3,20,1,CLE,PHI,4,9,24,(5:01) (Field Goal formation) P.Dawson 42 yard field goal is GOOD Center-C.Yount Holder-R.Hodges.,3,10,2012
20120909_PHI@CLE,3,20,1,CLE,PHI,,,24,P.Dawson kicks 65 yards from CLV 35 to end zone Touchback.,6,10,2012
20120909_PHI@CLE,3,19,57,PHI,CLE,1,10,80,(4:57) M.Vick pass incomplete short left to B.Celek [T.Ward].,10,6,2012
20120909_PHI@CLE,3,19,54,PHI,CLE,2,10,80,(4:54) M.Vick pass short middle to C.Harbor to PHI 22 for 2 yards (K.Maiava).,10,6,2012
20120909_PHI@CLE,3,19,8,PHI,CLE,3,8,78,(4:08) M.Vick pass short middle to L.McCoy to PHI 28 for 6 yards (C.Robertson).,10,6,2012
20120909_PHI@CLE,3,18,33,PHI,CLE,4,2,72,(3:33) C.Henry punts 62 yards to CLV 10 Center-J.Dorenbos. J.Cribbs to CLV 31 for 21 yards (B.Rolle).,10,6,2012
20120909_PHI@CLE,3,18,20,CLE,PHI,1,10,69,(3:20) B.Weeden pass incomplete short right to G.Little.,6,10,2012
20120909_PHI@CLE,3,18,15,CLE,PHI,2,10,69,(3:15) (Shotgun) B.Weeden pass incomplete short right to T.Benjamin (D.Rodgers-Cromartie).,6,10,2012
20120909_PHI@CLE,3,18,13,CLE,PHI,3,10,69,(3:13) (Shotgun) B.Weeden pass incomplete short right to B.Jackson [J.Babin].,6,10,2012
20120909_PHI@CLE,3,18,8,CLE,PHI,4,10,69,(3:08) R.Hodges punts 33 yards to PHI 36 Center-C.Yount downed by CLV-A.Smith.,6,10,2012
20120909_PHI@CLE,3,17,57,PHI,CLE,1,10,64,(2:57) (Shotgun) M.Vick pass deep middle to B.Celek to CLV 36 for 28 yards (C.Robertson; E.Hagg).,10,6,2012
20120909_PHI@CLE,3,17,15,PHI,CLE,1,10,36,(2:15) M.Vick pass incomplete short left to D.Jackson.,10,6,2012
20120909_PHI@CLE,3,17,9,PHI,CLE,2,10,36,(2:09) (Shotgun) M.Vick pass incomplete short middle to D.Jackson (J.Sheard).,10,6,2012
20120909_PHI@CLE,3,17,4,PHI,CLE,3,10,36,(2:04) (Shotgun) M.Vick pass short left intended for J.Maclin INTERCEPTED by J.Haden at CLV 28. J.Haden to PHI 22 for 50 yards (M.Vick). Penalty on PHI Offensive Holding declined.,10,6,2012
20120909_PHI@CLE,3,16,53,CLE,PHI,1,10,22,(1:53) B.Weeden pass short right to T.Richardson to PHI 17 for 5 yards (M.Kendricks).,6,10,2012
20120909_PHI@CLE,3,16,6,CLE,PHI,2,5,17,(1:06) T.Richardson right guard to PHI 12 for 5 yards (N.Allen).,6,10,2012
20120909_PHI@CLE,3,15,21,CLE,PHI,1,10,12,(:21) (Shotgun) B.Weeden pass incomplete short right to A.Smith. PENALTY on PHI Defensive Holding 5 yards enforced at PHI 12 - No Play.,6,10,2012
20120909_PHI@CLE,3,15,16,CLE,PHI,1,7,7,(:16) T.Richardson left guard to PHI 10 for -3 yards (C.Jenkins).,6,10,2012
20120909_PHI@CLE,4,15,0,CLE,PHI,2,10,10,(15:00) (Shotgun) B.Weeden pass short right to B.Watson to PHI 4 for 6 yards (B.Boykin).,6,10,2012
20120909_PHI@CLE,4,14,22,CLE,PHI,3,4,4,(14:22) B.Weeden pass incomplete short right to J.Cameron.,6,10,2012
20120909_PHI@CLE,4,14,17,CLE,PHI,4,4,4,(14:17) P.Dawson 22 yard field goal is GOOD Center-C.Yount Holder-R.Hodges.,6,10,2012
20120909_PHI@CLE,4,14,17,CLE,PHI,,,4,P.Dawson kicks 64 yards from CLV 35 to PHI 1. B.Boykin to PHI 18 for 17 yards (B.Skrine; C.Robertson).,9,10,2012
20120909_PHI@CLE,4,14,15,PHI,CLE,1,10,82,(14:15) PENALTY on PHI-E.Mathis False Start 5 yards enforced at PHI 18 - No Play.,10,9,2012
20120909_PHI@CLE,4,14,10,PHI,CLE,1,15,87,(14:10) M.Vick pass short left intended for J.Maclin INTERCEPTED by D.Jackson at PHI 27. D.Jackson for 27 yards TOUCHDOWN.,10,9,2012
20120909_PHI@CLE,4,14,10,CLE,PHI,,,87,P.Dawson extra point is GOOD Center-C.Yount Holder-R.Hodges.,9,10,2012
20120909_PHI@CLE,4,14,10,CLE,PHI,,,87,P.Dawson kicks 65 yards from CLV 35 to end zone Touchback.,16,10,2012
20120909_PHI@CLE,4,13,59,PHI,CLE,1,10,80,(13:59) L.McCoy right tackle to PHI 35 for 15 yards (T.Ward).,10,16,2012
20120909_PHI@CLE,4,13,24,PHI,CLE,1,10,65,(13:24) L.McCoy right tackle ran ob at PHI 40 for 5 yards (K.Maiava).,10,16,2012
20120909_PHI@CLE,4,13,3,PHI,CLE,2,5,60,(13:03) L.McCoy left tackle to PHI 47 for 7 yards (T.Ward).,10,16,2012
20120909_PHI@CLE,4,12,25,PHI,CLE,1,10,53,(12:25) B.Brown right guard to CLV 49 for 4 yards (F.Rucker; C.Robertson).,10,16,2012
20120909_PHI@CLE,4,11,50,PHI,CLE,2,6,49,(11:50) M.Vick pass incomplete short right to J.Maclin (B.Skrine).,10,16,2012
20120909_PHI@CLE,4,11,46,PHI,CLE,3,6,49,(11:46) (Shotgun) M.Vick pass short left to J.Avant to CLV 41 for 8 yards (J.Haden).,10,16,2012
20120909_PHI@CLE,4,11,9,PHI,CLE,1,10,41,(11:09) L.McCoy right tackle to CLV 28 for 13 yards (E.Stephens).,10,16,2012
20120909_PHI@CLE,4,10,27,PHI,CLE,1,10,28,(10:27) (Shotgun) M.Vick pass short left to L.McCoy to CLV 29 for -1 yards (I.Kitchen).,10,16,2012
20120909_PHI@CLE,4,9,51,PHI,CLE,2,11,29,(9:51) L.McCoy right tackle to CLV 27 for 2 yards (E.Stephens).,10,16,2012
20120909_PHI@CLE,4,9,13,PHI,CLE,3,9,27,(9:13) M.Vick pass incomplete deep right to D.Jackson.,10,16,2012
20120909_PHI@CLE,4,9,4,PHI,CLE,4,9,27,(9:04) A.Henery 45 yard field goal is No Good Wide Left Center-J.Dorenbos Holder-C.Henry.,10,16,2012
20120909_PHI@CLE,4,9,1,CLE,PHI,1,10,65,(9:01) T.Richardson left guard to CLV 39 for 4 yards (K.Coleman).,16,10,2012
20120909_PHI@CLE,4,8,24,CLE,PHI,2,6,61,(8:24) T.Richardson right guard to CLV 41 for 2 yards (D.Tapp).,16,10,2012
20120909_PHI@CLE,4,7,49,CLE,PHI,3,4,59,(7:49) B.Weeden pass short right to B.Jackson pushed ob at PHI 45 for 14 yards (N.Allen).,16,10,2012
20120909_PHI@CLE,4,7,24,CLE,PHI,1,10,45,(7:24) T.Richardson right guard to PHI 46 for -1 yards (T.Cole).,16,10,2012
20120909_PHI@CLE,4,6,41,CLE,PHI,2,11,46,(6:41) B.Weeden pass incomplete short left to G.Little.,16,10,2012
20120909_PHI@CLE,4,6,37,CLE,PHI,3,11,46,(6:37) (Shotgun) B.Weeden pass incomplete short left to B.Jackson (N.Asomugha).,16,10,2012
20120909_PHI@CLE,4,6,33,CLE,PHI,4,11,46,(6:33) R.Hodges punts 37 yards to PHI 9 Center-C.Yount fair catch by D.Johnson.,16,10,2012
20120909_PHI@CLE,4,6,25,PHI,CLE,1,10,91,(6:25) (Shotgun) M.Vick pass incomplete deep left to B.Celek.,10,16,2012
20120909_PHI@CLE,4,6,20,PHI,CLE,2,10,91,(6:20) (Shotgun) M.Vick pass short middle to J.Avant to PHI 17 for 8 yards (D.Patterson).,10,16,2012
20120909_PHI@CLE,4,5,56,PHI,CLE,3,2,83,(5:56) (No Huddle) M.Vick pass short left to J.Avant to PHI 23 for 6 yards (C.Robertson).,10,16,2012
20120909_PHI@CLE,4,5,27,PHI,CLE,1,10,77,(5:27) (No Huddle) L.McCoy right guard to PHI 26 for 3 yards (J.Sheard).,10,16,2012
20120909_PHI@CLE,4,4,58,PHI,CLE,2,7,74,(4:58) (No Huddle Shotgun) M.Vick pass incomplete deep left to J.Maclin. PENALTY on CLV-A.Rubin Roughing the Passer 15 yards enforced at PHI 26 - No Play. Penalty on CLV-B.Skrine Defensive Holding declined.,10,16,2012
20120909_PHI@CLE,4,4,50,PHI,CLE,1,10,59,(4:50) (Shotgun) M.Vick pass short left to D.Jackson to 50 for 9 yards.,10,16,2012
20120909_PHI@CLE,4,4,23,PHI,CLE,2,1,50,(4:23) (No Huddle) L.McCoy left tackle to CLV 43 for 7 yards (T.Ward).,10,16,2012
20120909_PHI@CLE,4,3,56,PHI,CLE,1,10,43,(3:56) (No Huddle Shotgun) M.Vick pass short left to J.Maclin to CLV 32 for 11 yards (B.Skrine).,10,16,2012
20120909_PHI@CLE,4,3,24,PHI,CLE,1,10,32,(3:24) (No Huddle Shotgun) M.Vick pass incomplete deep right to D.Jackson.,10,16,2012
20120909_PHI@CLE,4,3,18,PHI,CLE,2,10,32,(3:18) (Shotgun) M.Vick pass incomplete short middle to J.Avant (E.Hagg).,10,16,2012
20120909_PHI@CLE,4,3,14,PHI,CLE,3,10,32,(3:14) (Shotgun) M.Vick scrambles left end to CLV 23 for 9 yards (A.Rubin). FUMBLES (A.Rubin) and recovers at CLV 23. M.Vick to CLV 23 for no gain (A.Rubin).,10,16,2012
20120909_PHI@CLE,4,2,50,PHI,CLE,4,1,23,(2:50) L.McCoy right tackle to CLV 20 for 3 yards (K.Maiava).,10,16,2012
20120909_PHI@CLE,4,2,17,PHI,CLE,1,10,20,(2:17) M.Vick pass incomplete deep middle to J.Maclin [A.Rubin].,10,16,2012
20120909_PHI@CLE,4,2,12,PHI,CLE,2,10,20,(2:12) M.Vick pass short right to B.Celek to CLV 3 for 17 yards (T.Ward).,10,16,2012
20120909_PHI@CLE,4,2,0,PHI,CLE,1,3,3,(2:00) B.Brown right guard to CLV 4 for -1 yards (D.Jackson).,10,16,2012
20120909_PHI@CLE,4,1,29,PHI,CLE,2,4,4,(1:29) M.Vick pass incomplete short right to J.Maclin (L.Fort).,10,16,2012
20120909_PHI@CLE,4,1,23,PHI,CLE,3,4,4,(1:23) (Shotgun) M.Vick pass short right to C.Harbor for 4 yards TOUCHDOWN.,10,16,2012
20120909_PHI@CLE,4,1,23,PHI,CLE,,,4,A.Henery extra point is GOOD Center-J.Dorenbos Holder-C.Henry.,10,16,2012
20120909_PHI@CLE,4,1,23,PHI,CLE,,,4,A.Henery kicks 68 yards from PHI 35 to CLV -3. J.Cribbs to CLV 30 for 33 yards (J.Avant). PHI-B.Boykin was injured during the play. His return is Questionable.,17,16,2012
20120909_PHI@CLE,4,1,12,CLE,PHI,1,10,70,(1:12) (Shotgun) B.Weeden pass deep right intended for M.Massaquoi INTERCEPTED by K.Coleman at CLV 47. K.Coleman to CLV 40 for 7 yards.,16,17,2012
20120909_PHI@CLE,4,1,5,PHI,CLE,1,10,40,(1:05) M.Vick kneels to CLV 41 for -1 yards.,17,16,2012
20120909_PHI@CLE,4,1,2,PHI,CLE,2,11,41,(1:02) M.Vick kneels to CLV 43 for -2 yards.,17,16,2012
20120909_PHI@CLE,4,0,29,PHI,CLE,3,13,43,(:29) M.Vick kneels to CLV 44 for -1 yards.,17,16,2012
20120909_PHI@CLE,4,0,29,PHI,CLE,,,43,                      ,17,16,2012
